SID,Trial,Familiarity,Repetition,AscLoc,SrcResp,Corr,RT,Confident,ImgName
1,1,1,2,1,1,1,1716.78,4,wordin2_9.png
1,2,2,1,1,2,0,2135.08,1,nonwin2_7.png
1,3,1,1,4,4,1,1304.7,4,wordex1.png
1,4,1,1,3,1,0,2200.39,1,wordin2_7.png
1,5,2,1,1,1,1,1141.3,1,nonwin2_1.png
1,6,1,2,3,3,1,1313.64,1,wordin2_5.png
1,7,1,2,1,1,1,1320.04,4,wordex8.png
1,8,1,2,2,2,1,1147.39,1,wordex4.png
1,9,1,1,4,1,0,1877.54,1,wordex2_3.png
1,10,2,1,4,1,0,1539.58,1,nonwin5.png
1,11,1,1,2,1,0,1065.85,3,wordex12.png
1,12,1,2,4,4,1,1478.15,4,wordex2_8.png
1,13,2,2,4,4,1,1390.66,4,nonwex11.png
1,14,2,1,2,1,0,1296.84,2,nonwex8.png
1,15,2,1,2,2,1,1124.71,4,nonwex7.png
1,16,2,2,1,3,0,1000.03,1,nonwin2_6.png
1,17,2,2,3,3,1,1157.51,3,nonwex10.png
1,18,1,1,2,2,1,1092.57,4,wordex2.png
1,19,2,2,4,1,0,1026,1,nonwex9.png
1,20,1,1,1,2,0,1725.05,3,wordin2_12.png
1,21,2,1,4,1,0,1129.28,1,nonwex2_2.png
1,22,1,1,3,1,0,1040.12,1,wordex9.png
1,23,2,2,2,1,0,651.84,1,nonwin2_5.png
1,24,1,2,3,3,1,1218.45,1,wordin2_6.png
1,25,1,1,3,3,1,1096.54,4,wordex2_4.png
1,26,2,1,1,1,1,966.24,4,nonwex2_1.png
1,27,1,1,4,1,0,1714.69,1,wordin5.png
1,28,2,1,2,1,0,1187.81,1,nonwin2_2.png
1,29,2,2,4,1,0,721.25,1,nonwin2_3.png
1,30,2,1,2,2,1,845.04,4,nonwin2_12.png
1,31,1,1,3,3,1,970.83,4,wordex2_9.png
1,32,2,1,3,3,1,1332.15,3,nonwex2_10.png
1,33,1,1,2,2,1,1664.79,4,wordex11.png
1,34,1,2,2,2,1,1889.6,4,wordin9.png
1,35,1,2,4,4,1,1089.38,4,wordin3.png
1,36,2,2,1,4,0,1919.85,3,nonwin3.png
1,37,2,1,1,2,0,5173.46,3,nonwex6.png
1,38,1,2,4,2,0,14.2,1,wordex6.png
1,39,2,1,3,4,0,1090.32,4,nonwex2_5.png
1,40,2,2,4,4,1,1798.37,4,nonwin2_8.png
1,41,2,2,3,3,1,1179.74,1,nonwex3.png
1,42,2,1,4,4,1,1067.6,4,nonwin12.png
1,43,1,1,1,1,1,765.61,4,wordex2_11.png
1,44,1,2,2,2,1,1157.9,4,wordin7.png
1,45,2,2,4,3,0,913.22,1,nonwex2_11.png
1,46,2,2,1,1,1,827.94,4,nonwin7.png
1,47,2,2,2,3,0,1069.63,1,nonwin6.png
1,48,1,1,4,1,0,1517.46,4,wordin4.png
1,49,1,1,2,2,1,955.25,4,wordin2_4.png
1,50,1,1,3,3,1,1213.87,4,wordex2_6.png
1,51,1,2,4,4,1,1239.49,4,wordex5.png
1,52,1,1,4,4,1,1601.04,4,wordin2_2.png
1,53,1,1,1,3,0,1369.22,1,wordex2_12.png
1,54,1,2,1,1,1,2848.06,1,wordex2_1.png
1,55,2,1,3,2,0,1102.57,4,nonwex2_6.png
1,56,2,1,1,1,1,839.85,4,nonwex5.png
1,57,2,2,2,2,1,1435.97,4,nonwin2_11.png
1,58,2,1,3,2,0,1452.79,4,nonwex12.png
1,59,2,1,2,1,0,1275.9,1,nonwin4.png
1,60,2,1,4,2,0,843.73,1,nonwin10.png
1,61,1,1,1,1,1,1029.39,4,wordin6.png
1,62,2,2,3,3,1,1327.43,4,nonwex2_12.png
1,63,2,2,1,1,1,988.78,1,nonwex2_9.png
1,64,1,2,4,2,0,1823.55,4,wordin11.png
1,65,2,2,1,3,0,867.48,1,nonwin2_9.png
1,66,1,2,2,2,1,1549.5,4,wordex2_2.png
1,67,1,1,1,1,1,881.12,1,wordex2_5.png
1,68,1,2,1,2,0,1017.42,1,wordin2_11.png
1,69,2,2,2,1,0,969.26,1,nonwex2_7.png
1,70,1,2,3,1,0,1023.43,1,wordex10.png
1,71,2,1,4,1,0,1080.61,1,nonwin1.png
1,72,2,2,2,1,0,526.4,1,nonwin11.png
1,73,2,2,3,1,0,594.53,1,nonwin2.png
1,74,2,2,3,3,1,2064.17,4,nonwex1.png
1,75,1,1,2,3,0,1037.41,4,wordin12.png
1,76,1,2,2,2,1,1022.03,4,wordex7.png
1,77,1,2,3,3,1,1081.43,4,wordin2.png
1,78,1,2,3,3,1,999.95,4,wordex2_7.png
1,79,1,2,1,2,0,1172.74,4,wordin2_10.png
1,80,2,1,3,3,1,1261.64,3,nonwex2_4.png
2,1,1,1,3,3,1,3572.25,3,wordin2_7.png
2,2,1,2,1,4,0,9094.49,2,wordex7.png
2,3,2,2,1,2,0,2377.11,1,nonwin2_2.png
2,4,2,2,2,1,0,2428.72,4,nonwex4.png
2,5,1,1,4,3,0,3092.24,3,wordin2_11.png
2,6,1,1,2,1,0,4017.21,3,wordex6.png
2,7,2,2,4,3,0,9478.79,2,nonwin2_3.png
2,8,1,2,2,1,0,5065.05,1,wordin12.png
2,9,1,2,4,4,1,3159.79,3,wordin10.png
2,10,1,2,1,3,0,3533.04,3,wordex2.png
2,11,2,1,2,2,1,2247,3,nonwin1.png
2,12,2,1,3,4,0,3303.51,3,nonwin2_1.png
2,13,2,1,3,1,0,3859.43,2,nonwex2_1.png
2,14,2,1,3,4,0,3335.99,3,nonwin8.png
2,15,1,2,4,4,1,2608.74,4,wordin7.png
2,16,2,1,3,4,0,1196.39,4,nonwin2_5.png
2,17,2,2,2,2,1,1996.62,3,nonwex8.png
2,18,1,1,1,4,0,2947.92,3,wordex12.png
2,19,2,2,3,4,0,1377.62,3,nonwin2_12.png
2,20,2,1,1,3,0,8630.56,2,nonwex2_12.png
2,21,2,1,3,1,0,1474.06,2,nonwex2_9.png
2,22,1,2,1,3,0,2335.27,3,wordin1.png
2,23,2,1,4,1,0,2303.87,3,nonwex2_3.png
2,24,1,2,3,3,1,1773.27,3,wordex2_6.png
2,25,1,1,4,3,0,995.62,3,wordex2_8.png
2,26,2,2,2,4,0,2373.21,1,nonwin2_11.png
2,27,1,1,3,3,1,18916.41,2,wordin6.png
2,28,1,2,4,2,0,3025.85,3,wordin3.png
2,29,1,2,2,3,0,1530.68,1,wordin2_3.png
2,30,2,2,1,1,1,2136.62,4,nonwin12.png
2,31,2,1,4,1,0,3244.98,3,nonwin9.png
2,32,2,2,1,2,0,1738.4,2,nonwex9.png
2,33,1,1,3,3,1,2820.12,4,wordex4.png
2,34,1,2,1,3,0,1141.22,4,wordin2_4.png
2,35,1,2,3,3,1,693.43,4,wordex2_1.png
2,36,2,1,4,4,1,3241.95,2,nonwex2_10.png
2,37,1,2,1,3,0,1992.53,4,wordin2_8.png
2,38,1,2,3,1,0,2050.66,4,wordin4.png
2,39,2,2,3,2,0,1204.39,2,nonwex10.png
2,40,2,2,2,4,0,4251.14,2,nonwex2.png
2,41,1,1,1,3,0,1316.72,4,wordex1.png
2,42,1,1,3,3,1,2458.44,4,wordin2_9.png
2,43,2,2,1,1,1,1355.56,3,nonwex2_6.png
2,44,1,2,4,4,1,1634.3,4,wordin2_1.png
2,45,2,2,4,2,0,4315.77,2,nonwin2_10.png
2,46,1,2,2,1,0,6159.38,3,wordex2_9.png
2,47,2,2,4,3,0,2876.1,3,nonwin2_4.png
2,48,2,2,4,2,0,1733.94,2,nonwin4.png
2,49,1,1,2,2,1,8844.31,2,wordin5.png
2,50,1,1,1,3,0,3129.87,3,wordin2_10.png
2,51,1,2,3,4,0,3197.72,1,wordex11.png
2,52,1,1,4,4,1,1863.24,4,wordex2_5.png
2,53,2,1,1,1,1,2137.33,2,nonwex3.png
2,54,2,1,1,2,0,6723.74,3,nonwin6.png
2,55,2,1,1,3,0,4413.87,1,nonwin5.png
2,56,2,1,2,1,0,4958.37,1,nonwex1.png
2,57,1,1,1,3,0,1741.09,4,wordex2_3.png
2,58,1,1,2,3,0,1001.71,4,wordex2_10.png
2,59,2,2,3,2,0,5882.55,1,nonwex5.png
2,60,1,1,3,3,1,2402.02,4,wordex3.png
2,61,2,1,2,1,0,3679.11,2,nonwex6.png
2,62,2,1,1,1,1,2381.2,2,nonwex2_7.png
2,63,1,2,3,1,0,12708.08,2,wordex8.png
2,64,2,2,2,4,0,6412.54,2,nonwex7.png
2,65,1,1,4,1,0,2149.25,3,wordin11.png
2,66,1,2,2,2,1,2848.31,3,wordin2_5.png
2,67,2,2,3,1,0,1666.94,1,nonwex2_2.png
2,68,2,1,2,2,1,2082.67,3,nonwex2_11.png
2,69,2,2,4,4,1,899.58,1,nonwin2_7.png
2,70,1,1,1,1,1,1389.19,1,wordin8.png
2,71,1,2,2,3,0,2320.81,4,wordin2.png
2,72,2,2,3,2,0,1510.67,2,nonwin7.png
2,73,1,1,2,4,0,4578.16,3,wordin2_12.png
2,74,2,1,4,1,0,2175.92,3,nonwin2_8.png
2,75,2,2,1,1,1,1080.14,3,nonwin10.png
2,76,1,1,2,2,1,3634.05,3,wordex5.png
2,77,2,1,2,1,0,5814.69,2,nonwin2.png
2,78,2,1,4,4,1,16434.73,2,nonwex12.png
2,79,1,2,4,3,0,2005.08,4,wordex2_12.png
2,80,1,1,4,1,0,1550.08,4,wordex9.png 
3,1,2,2,1,2,0,2620.97,3,nonwin2_2.png
3,2,2,2,2,4,0,4523.7,1,nonwex12.png
3,3,1,2,2,3,0,3476.03,2,wordex2_4.png
3,4,1,2,1,4,0,8129.95,3,wordin8.png
3,5,1,2,4,4,1,1357.61,4,wordex12.png
3,6,2,1,4,3,0,2905.32,1,nonwex6.png
3,7,2,1,4,2,0,1143.87,4,nonwin2_1.png
3,8,1,2,3,3,1,2859.27,2,wordin9.png
3,9,2,1,1,2,0,1322.92,3,nonwex2.png
3,10,2,2,4,2,0,3389.82,4,nonwin10.png
3,11,1,2,3,3,1,5853.49,3,wordex4.png
3,12,2,2,4,4,1,4964.25,3,nonwin12.png
3,13,1,1,4,2,0,1246.95,3,wordex9.png
3,14,1,1,2,3,0,2623.46,3,wordin4.png
3,15,1,1,4,1,0,1457.03,3,wordin2_6.png
3,16,2,1,2,2,1,2230.87,2,nonwex2_9.png
3,17,2,1,3,4,0,1982.75,1,nonwex2_2.png
3,18,1,1,4,3,0,1317.46,1,wordex2_8.png
3,19,1,1,3,2,0,1239.78,2,wordex2_5.png
3,20,1,1,2,1,0,1203.28,2,wordin2_11.png
3,21,2,1,2,2,1,1153.19,3,nonwin2_9.png
3,22,1,1,1,4,0,880.84,3,wordex5.png
3,23,1,2,4,1,0,1081.57,3,wordex2_12.png
3,24,2,2,2,2,1,1236.68,1,nonwin1.png
3,25,1,1,2,1,0,931.27,1,wordex1.png
3,26,2,1,3,3,1,1011.22,2,nonwex10.png
3,27,2,1,4,4,1,1791.34,1,nonwin2_3.png
3,28,2,1,4,1,0,1465.05,2,nonwex1.png
3,29,1,1,3,4,0,2814.22,2,wordex2_2.png
3,30,2,2,3,1,0,943.28,1,nonwex2_5.png
3,31,1,1,4,2,0,1148.85,3,wordex2_3.png
3,32,2,2,4,1,0,1424.18,1,nonwex7.png
3,33,1,2,2,4,0,1232.59,2,wordex6.png
3,34,2,2,3,1,0,1689.35,2,nonwin2.png
3,35,1,2,3,3,1,1045.83,2,wordin7.png
3,36,2,2,2,3,0,1804.75,3,nonwin2_7.png
3,37,1,2,3,4,0,2749.7,3,wordin2.png
3,38,2,1,1,1,1,884.03,3,nonwex3.png
3,39,2,2,1,2,0,1112.89,2,nonwin2_4.png
3,40,2,2,1,1,1,1260.75,3,nonwex2_6.png
3,41,1,2,1,3,0,1174.6,2,wordex7.png
3,42,2,1,1,4,0,1838.09,2,nonwex5.png
3,43,2,2,4,1,0,1172.04,1,nonwex4.png
3,44,1,2,1,4,0,2138.07,1,wordex2_9.png
3,45,1,2,2,2,1,3910.86,2,wordex2_1.png
3,46,2,1,1,3,0,798.6,2,nonwex8.png
3,47,2,1,4,1,0,1279.24,1,nonwin2_11.png
3,48,2,1,3,3,1,1082.57,1,nonwex2_7.png
3,49,2,2,4,4,1,1364.4,2,nonwex2_4.png
3,50,2,2,3,1,0,1216.72,2,nonwin2_6.png
3,51,2,1,2,4,0,1218.27,2,nonwin2_8.png
3,52,2,2,3,3,1,1365.5,2,nonwex9.png
3,53,1,1,4,2,0,957.51,3,wordin5.png
3,54,2,2,2,1,0,1635.2,1,nonwin11.png
3,55,2,2,1,4,0,1595.06,1,nonwin9.png
3,56,1,1,2,2,1,1430.96,3,wordin2_12.png
3,57,1,2,4,4,1,2657.84,4,wordin2_1.png
3,58,1,2,2,3,0,1483.07,2,wordex3.png
3,59,2,1,1,1,1,1428.08,2,nonwin8.png
3,60,2,1,3,2,0,919.26,3,nonwin2_10.png
3,61,2,2,2,3,0,1796.45,1,nonwin2_12.png
3,62,1,2,3,2,0,839.21,2,wordex2_7.png
3,63,1,1,1,1,1,1829.2,1,wordin2_2.png
3,64,1,1,1,4,0,1910.52,2,wordin2_7.png
3,65,1,1,3,3,1,1348.4,2,wordin2_10.png
3,66,2,1,3,2,0,1049.46,2,nonwex2_1.png
3,67,1,2,1,3,0,821.17,2,wordin2_9.png
3,68,1,2,1,1,1,1979.24,2,wordin10.png
3,69,1,1,3,2,0,2042.97,2,wordex8.png
3,70,1,2,4,1,0,860.88,1,wordex2_10.png
3,71,2,2,1,3,0,1408.31,2,nonwex2_10.png
3,72,1,1,1,2,0,1226.7,3,wordin12.png
3,73,2,2,3,4,0,1211.45,2,nonwin5.png
3,74,1,1,2,3,0,2132.15,3,wordin11.png
3,75,1,2,4,4,1,2670.03,3,wordin2_3.png
3,76,2,1,2,1,0,2535.64,2,nonwin6.png
3,77,1,1,3,4,0,1881.76,3,wordin3.png
3,78,1,2,2,2,1,1560.31,2,wordex2.png
3,79,2,1,2,3,0,1284.08,3,nonwex2_8.png
3,80,1,1,1,2,0,1086.06,2,wordex2_6.png
4,1,1,2,2,2,1,3009.27,4,wordin1.png
4,2,2,1,1,1,1,4510.71,2,nonwex5.png
4,3,1,2,3,3,1,2982.23,4,wordin2_4.png
4,4,2,1,4,4,1,3527.1,4,nonwex2_12.png
4,5,1,2,1,1,1,2703,4,wordex8.png
4,6,2,2,2,3,0,6317.46,1,nonwex2_8.png
4,7,2,2,4,1,0,2309.53,4,nonwin7.png
4,8,2,2,3,3,1,2825.75,4,nonwex2_4.png
4,9,1,1,2,2,1,1593.49,4,wordin2_8.png
4,10,2,2,4,4,1,4966.47,3,nonwex2_7.png
4,11,2,2,3,3,1,2176.19,2,nonwex6.png
4,12,1,1,3,3,1,2466.64,4,wordex2_10.png
4,13,1,1,1,1,1,1488.36,4,wordex5.png
4,14,1,1,4,4,1,5096.11,3,wordin2_11.png
4,15,2,2,3,3,1,9121.92,3,nonwin2_12.png
4,16,2,1,3,3,1,1842.87,4,nonwex2_6.png
4,17,2,2,2,2,1,1709.98,2,nonwin2_7.png
4,18,1,2,3,4,0,4887.89,1,wordin4.png
4,19,1,1,4,3,0,7588.76,1,wordin6.png
4,20,1,2,3,3,1,2091.05,4,wordex2_12.png
4,21,2,2,1,2,0,3133.8,1,nonwex9.png
4,22,2,1,1,1,1,2421.13,4,nonwin2_8.png
4,23,2,2,3,3,1,3456.86,1,nonwin4.png
4,24,1,2,4,4,1,6404.31,1,wordex2_9.png
4,25,1,2,2,2,1,5094.81,4,wordex3.png
4,26,2,1,4,2,0,4596.45,4,nonwin10.png
4,27,1,1,4,2,0,1437.32,3,wordex10.png
4,28,1,1,4,3,0,2417.29,1,wordin9.png
4,29,2,1,3,1,0,3333.68,3,nonwex2_9.png
4,30,1,2,2,2,1,1416.05,4,wordex7.png
4,31,1,1,2,1,0,3986.59,1,wordex12.png
4,32,1,2,3,1,0,4638.13,4,wordin8.png
4,33,1,1,1,1,1,763.09,4,wordex2_7.png
4,34,2,1,3,3,1,4028.81,1,nonwin12.png
4,35,1,1,4,2,0,9646.84,4,wordex2_2.png
4,36,2,1,1,4,0,3719.27,1,nonwex11.png
4,37,2,1,4,4,1,1090.29,4,nonwex2_2.png
4,38,1,1,2,2,1,6677.3,4,wordin2_2.png
4,39,2,1,3,3,1,1304.92,4,nonwex10.png
4,40,2,1,2,2,1,6501.61,1,nonwin2.png
4,41,1,2,1,1,1,6982.44,4,wordin2_3.png
4,42,2,2,2,2,1,1047.42,4,nonwin2_11.png
4,43,1,2,2,2,1,2485.92,4,wordex11.png
4,44,1,2,3,4,0,5273.7,1,wordex2_11.png
4,45,1,1,1,2,0,7338.29,1,wordin3.png
4,46,1,2,4,4,1,3959.42,4,wordex1.png
4,47,2,1,2,2,1,5425.77,4,nonwex1.png
4,48,2,1,4,4,1,1126.94,1,nonwin2_10.png
4,49,2,2,1,3,0,2210.26,1,nonwex4.png
4,50,2,1,2,2,1,1164.73,1,nonwin3.png
4,51,1,1,3,3,1,2368.79,1,wordex2.png
4,52,1,2,1,1,1,1769.94,4,wordex4.png
4,53,1,1,2,2,1,1217.27,4,wordin10.png
4,54,2,2,4,4,1,3330.52,4,nonwex2_1.png
4,55,2,2,4,4,1,2139.25,4,nonwin2_5.png
4,56,1,1,2,2,1,1735.78,4,wordin2.png
4,57,1,1,3,3,1,5917.14,4,wordin5.png
4,58,2,2,1,4,0,3220.07,2,nonwin2_6.png
4,59,1,2,4,4,1,2416.84,4,wordex2_6.png
4,60,2,1,1,1,1,1943.45,4,nonwex2_3.png
4,61,2,2,4,2,0,1974.42,4,nonwin9.png
4,62,1,2,1,2,0,6323.28,3,wordin2_1.png
4,63,1,1,1,4,0,5253.43,2,wordin12.png
4,64,2,1,1,4,0,992.92,2,nonwin2_4.png
4,65,1,2,4,4,1,3331.66,3,wordex9.png
4,66,2,1,3,3,1,1228.33,3,nonwin2_1.png
4,67,2,2,1,1,1,4868.72,4,nonwin5.png
4,68,2,2,2,2,1,2670.22,3,nonwex2.png
4,69,2,1,2,2,1,3214.33,2,nonwin2_3.png
4,70,1,1,3,3,1,1587.89,4,wordex2_5.png
4,71,2,1,2,4,0,5734.8,1,nonwin1.png
4,72,1,1,3,3,1,1220.88,4,wordin2_6.png
4,73,1,1,1,2,0,3883.01,2,wordex2_4.png
4,74,1,2,1,1,1,3724.73,4,wordex2_1.png
4,75,2,1,4,4,1,3358.03,4,nonwex2_5.png
4,76,2,2,3,2,0,2212.04,1,nonwex2_10.png
4,77,2,2,2,2,1,4454.42,4,nonwex12.png
4,78,1,2,2,2,1,793.04,4,wordin2_10.png
4,79,1,2,4,4,1,3046.23,4,wordex6.png
4,80,2,2,1,1,1,4254.01,1,nonwin2_2.png
5,1,1,1,2,2,1,1544.27,2,wordex7.png
5,2,2,2,3,3,1,1966.71,3,nonwex2_9.png
5,3,1,1,2,1,0,2091.61,1,wordex4.png
5,4,2,1,1,2,0,4437.09,2,nonwex2_2.png
5,5,1,2,3,3,1,4855.92,4,wordex2_2.png
5,6,2,1,3,1,0,6497.87,1,nonwin11.png
5,7,1,2,1,1,1,3793.83,3,wordex11.png
5,8,1,1,4,2,0,5080.73,2,wordin10.png
5,9,2,2,1,2,0,10193.95,2,nonwex2.png
5,10,2,2,2,3,0,25517.01,2,nonwex12.png
5,11,2,1,2,2,1,1579.09,4,nonwex2_3.png
5,12,2,2,3,1,0,3892.85,1,nonwex3.png
5,13,1,1,1,2,0,3603.73,4,wordin2_12.png
5,14,2,1,1,3,0,3559.4,2,nonwin4.png
5,15,2,2,3,3,1,2776.4,2,nonwin5.png
5,16,1,1,4,1,0,1616.9,3,wordex9.png
5,17,2,2,1,1,1,2019.89,1,nonwex10.png
5,18,2,2,3,1,0,5273.06,2,nonwin6.png
5,19,1,1,1,1,1,1825.25,4,wordin9.png
5,20,1,1,3,3,1,1885.21,4,wordex2_5.png
5,21,2,2,2,4,0,5802.17,2,nonwin2_2.png
5,22,1,1,1,1,1,1493.06,1,wordin2_10.png
5,23,2,1,4,1,0,1717.51,1,nonwex4.png
5,24,1,2,2,2,1,10491.15,2,wordin6.png
5,25,1,1,4,1,0,2968.02,3,wordin11.png
5,26,1,1,4,3,0,2341.2,3,wordex2_9.png
5,27,2,2,4,3,0,1614.8,3,nonwex2_6.png
5,28,2,2,2,1,0,1295.97,1,nonwex5.png
5,29,2,2,4,2,0,2239.79,2,nonwin2_12.png
5,30,1,1,3,3,1,4060.24,4,wordex2_4.png
5,31,1,1,4,4,1,5520.01,4,wordin2_2.png
5,32,1,2,3,1,0,11364.47,3,wordex2_1.png
5,33,2,2,4,4,1,4580.65,2,nonwin2_3.png
5,34,2,1,3,4,0,1685.69,2,nonwin2_9.png
5,35,2,2,4,2,0,2443.1,2,nonwex2_11.png
5,36,2,1,1,1,1,1516.94,1,nonwin7.png
5,37,1,2,1,1,1,1029.03,4,wordin2_4.png
5,38,2,1,3,1,0,2989.05,3,nonwex2_7.png
5,39,2,2,3,4,0,2737.42,2,nonwex2_5.png
5,40,2,2,2,1,0,6640.81,1,nonwex2_8.png
5,41,2,2,4,4,1,5560.06,4,nonwin2_4.png
5,42,1,2,4,4,1,4404.76,4,wordin12.png
5,43,2,2,1,1,1,6609.44,1,nonwin2_8.png
5,44,2,2,2,2,1,1599.59,4,nonwin10.png
5,45,1,2,2,3,0,6213.14,1,wordex10.png
5,46,1,2,4,3,0,2668.57,1,wordex2_10.png
5,47,1,1,3,4,0,6439.62,3,wordin1.png
5,48,1,1,3,1,0,2626.35,1,wordin2.png
5,49,2,1,1,1,1,6130.98,1,nonwex1.png
5,50,1,1,1,1,1,1364.45,1,wordin7.png
5,51,2,1,1,3,0,9901.02,3,nonwex2_10.png
5,52,2,1,3,1,0,1609.6,1,nonwin8.png
5,53,2,2,1,1,1,3321.1,1,nonwex2_1.png
5,54,1,2,3,3,1,4346.62,3,wordin8.png
5,55,1,2,3,1,0,1127.92,1,wordex8.png
5,56,1,1,1,1,1,5179.23,2,wordex1.png
5,57,1,2,1,1,1,1807.92,4,wordin2_1.png
5,58,1,2,1,1,1,1040.52,4,wordin2_9.png
5,59,2,1,2,3,0,7723.3,2,nonwin1.png
5,60,1,2,3,1,0,3065.5,4,wordin4.png
5,61,1,2,2,1,0,6519.37,1,wordex6.png
5,62,2,1,4,1,0,1221.27,1,nonwin2_5.png
5,63,2,1,2,2,1,2713.93,3,nonwin2_10.png
5,64,2,1,3,3,1,6222.87,1,nonwex9.png
5,65,1,1,2,1,0,3145.04,3,wordex5.png
5,66,1,1,3,3,1,1491.2,3,wordin2_6.png
5,67,2,1,2,1,0,2136.43,1,nonwin9.png
5,68,1,2,4,1,0,12233.96,3,wordex2.png
5,69,1,2,2,2,1,4350.66,3,wordin2_7.png
5,70,1,2,2,1,0,1334.08,3,wordex2_6.png
5,71,1,1,2,1,0,4570.88,3,wordex2_8.png
5,72,1,2,1,1,1,1733.64,4,wordex3.png
5,73,1,1,2,1,0,2784.07,4,wordin2_8.png
5,74,1,2,4,3,0,2617.37,2,wordin5.png
5,75,2,1,2,4,0,6770.01,3,nonwin2_1.png
5,76,2,2,1,3,0,8166.78,2,nonwex7.png
5,77,1,2,4,4,1,2576.62,4,wordin2_3.png
5,78,2,1,4,1,0,2156.97,2,nonwex6.png
5,79,2,1,4,3,0,2448.9,3,nonwex2_12.png
5,80,2,1,4,3,0,1169.09,3,nonwin12.png
6,1,2,1,4,2,0,4110.02,1,nonwex2_10.png
6,2,1,2,2,2,1,2022.86,2,wordin10.png
6,3,1,2,2,3,0,2500.66,1,wordin9.png
6,4,1,2,4,3,0,2144.28,2,wordex10.png
6,5,2,2,1,4,0,1834.22,2,nonwex5.png
6,6,2,1,2,1,0,2626.55,3,nonwex2_9.png
6,7,1,2,4,1,0,2191.24,1,wordin7.png
6,8,1,1,3,1,0,1368.87,1,wordin2_2.png
6,9,1,1,2,2,1,2046.5,3,wordex2_9.png
6,10,2,1,2,2,1,893.39,4,nonwex2.png
6,11,1,2,1,2,0,1999.15,4,wordex2_5.png
6,12,2,1,1,1,1,1385.14,1,nonwin2.png
6,13,1,1,2,2,1,1417.53,4,wordex2.png
6,14,1,2,3,1,0,934.39,4,wordin2_12.png
6,15,2,2,1,3,0,1224.69,1,nonwin8.png
6,16,2,2,2,1,0,931.63,1,nonwex2_6.png
6,17,1,2,3,1,0,1463.66,2,wordex2_6.png
6,18,2,2,2,1,0,1851.9,2,nonwex4.png
6,19,2,2,1,1,1,1073.78,4,nonwin2_3.png
6,20,1,1,2,1,0,1462.08,4,wordex3.png
6,21,2,1,4,3,0,1069.43,2,nonwex2_11.png
6,22,1,1,3,2,0,1655.63,2,wordin2_10.png
6,23,1,1,4,2,0,1532.45,2,wordin3.png
6,24,1,1,4,2,0,982.94,2,wordin8.png
6,25,1,1,3,1,0,992.86,3,wordin12.png
6,26,2,2,3,1,0,1308.47,4,nonwex6.png
6,27,1,2,3,3,1,1227.85,1,wordex7.png
6,28,1,2,4,4,1,4038.66,2,wordex5.png
6,29,2,1,1,4,0,1473.66,1,nonwex8.png
6,30,2,2,4,1,0,1970.1,1,nonwin2_7.png
6,31,2,1,2,1,0,1146.7,1,nonwin5.png
6,32,1,1,1,1,1,1534.75,1,wordex12.png
6,33,2,2,4,1,0,811.32,1,nonwin2_4.png
6,34,2,1,3,1,0,1156.66,2,nonwex2_5.png
6,35,1,2,4,2,0,1458.4,3,wordex2_12.png
6,36,1,2,3,3,1,997.24,1,wordin6.png
6,37,1,2,1,1,1,890.69,1,wordin2_3.png
6,38,2,1,3,1,0,1008.3,1,nonwex2_4.png
6,39,2,2,2,1,0,1057.31,1,nonwin2_10.png
6,40,1,1,1,1,1,837.01,1,wordex8.png
6,41,2,2,4,1,0,562.43,1,nonwin2_8.png
6,42,2,2,3,1,0,953.02,1,nonwin12.png
6,43,2,1,3,3,1,1435.12,1,nonwex2_12.png
6,44,2,1,4,1,0,1100.62,2,nonwin2_11.png
6,45,1,2,4,1,0,1869.41,2,wordin2_7.png
6,46,2,1,2,1,0,1246.45,2,nonwex2_1.png
6,47,1,2,1,4,0,1225.1,1,wordex2_11.png
6,48,2,1,3,1,0,1412.77,1,nonwin9.png
6,49,2,1,4,1,0,1178.03,1,nonwin3.png
6,50,2,2,3,3,1,758.5,1,nonwex12.png
6,51,1,1,2,1,0,910.61,1,wordin2_9.png
6,52,1,2,1,1,1,1347.46,4,wordin11.png
6,53,1,1,4,1,0,1382.62,2,wordex11.png
6,54,1,2,2,2,1,1798.28,1,wordex2_4.png
6,55,2,2,1,2,0,1028.55,1,nonwin6.png
6,56,1,2,1,1,1,1348.13,4,wordex2_8.png
6,57,1,1,1,1,1,1684.67,1,wordex2_10.png
6,58,2,2,1,1,1,827.68,1,nonwex10.png
6,59,1,1,2,1,0,969.05,2,wordin2_4.png
6,60,2,1,4,3,0,1141.47,2,nonwin2_6.png
6,61,2,2,4,3,0,1068.9,2,nonwex2_7.png
6,62,2,1,1,3,0,643.72,1,nonwex2_2.png
6,63,1,2,2,1,0,1138.99,2,wordin2_5.png
6,64,1,2,3,1,0,748.49,1,wordex2_3.png
6,65,2,2,4,2,0,807.89,3,nonwin11.png
6,66,1,1,1,1,1,1023.01,2,wordin2_8.png
6,67,2,2,2,4,0,1504.93,1,nonwin2_1.png
6,68,2,1,1,1,1,855.29,1,nonwin10.png
6,69,2,2,3,1,0,841.29,1,nonwex9.png
6,70,2,2,2,3,0,1109.02,1,nonwin2_12.png
6,71,1,1,4,3,0,1975.23,1,wordex2_2.png
6,72,2,2,3,2,0,2025.58,1,nonwin2_2.png
6,73,1,1,4,1,0,1156.43,1,wordex4.png
6,74,2,1,2,1,0,962.48,1,nonwin1.png
6,75,1,1,3,2,0,1157.9,1,wordin2.png
6,76,1,1,1,2,0,811.3,1,wordex2_1.png
6,77,1,1,3,1,0,850.19,1,wordin2_11.png
6,78,1,2,2,2,1,794.52,4,wordex1.png
6,79,2,1,3,1,0,1232.99,1,nonwex3.png
6,80,2,1,1,3,0,785.2,1,nonwin2_5.png
7,1,2,1,1,3,0,1135.49,1,nonwin2_8.png
7,2,1,1,1,1,1,1074.85,2,wordin2_3.png
7,3,1,1,1,1,1,1029.89,2,wordin2_4.png
7,4,1,2,2,4,0,1042.93,3,wordin2_8.png
7,5,2,1,2,2,1,942.63,4,nonwex5.png
7,6,2,2,2,2,1,898.85,4,nonwin6.png
7,7,1,1,2,3,0,1081.67,2,wordex2_10.png
7,8,2,1,2,2,1,1353.53,4,nonwex2_12.png
7,9,2,1,1,1,1,951.66,1,nonwex2_2.png
7,10,2,2,3,1,0,1028.46,1,nonwin2_9.png
7,11,2,1,1,3,0,1431.18,2,nonwex9.png
7,12,2,1,4,4,1,1273.78,2,nonwex6.png
7,13,1,2,3,1,0,1232.6,1,wordex7.png
7,14,1,1,4,1,0,1081.51,2,wordex10.png
7,15,1,2,1,3,0,1095.39,2,wordex2_9.png
7,16,2,2,4,1,0,1224.68,2,nonwex8.png
7,17,1,1,2,1,0,1284.41,2,wordin2_7.png
7,18,2,2,3,3,1,1283.19,2,nonwin1.png
7,19,1,2,4,1,0,1292.8,1,wordex2_12.png
7,20,2,1,3,3,1,1973.75,1,nonwin11.png
7,21,2,2,1,4,0,2294.11,1,nonwin2_10.png
7,22,1,2,1,2,0,1797.78,2,wordin11.png
7,23,1,2,2,1,0,1784.63,1,wordex3.png
7,24,2,2,2,2,1,1235.23,1,nonwin2_4.png
7,25,2,2,1,1,1,1819.75,2,nonwin4.png
7,26,2,2,1,4,0,1651.79,1,nonwex12.png
7,27,2,2,1,2,0,1347.88,1,nonwex4.png
7,28,1,2,4,2,0,2276.5,3,wordin2_12.png
7,29,1,1,1,1,1,1680.61,2,wordex2_7.png
7,30,2,1,4,3,0,1155.1,2,nonwin2_11.png
7,31,1,2,2,4,0,1478.89,1,wordex2_8.png
7,32,1,1,1,1,1,3469.95,2,wordex2_3.png
7,33,1,2,3,1,0,1348.97,1,wordex2.png
7,34,2,2,3,3,1,3164.42,4,nonwex10.png
7,35,1,1,3,1,0,1582.63,1,wordex2_1.png
7,36,2,2,4,4,1,1685.06,1,nonwex1.png
7,37,1,1,2,3,0,3521.72,2,wordin3.png
7,38,1,1,1,2,0,2293.94,2,wordin2_6.png
7,39,1,1,4,4,1,1597.28,2,wordex12.png
7,40,2,1,2,3,0,4584.84,2,nonwex2_3.png
7,41,1,1,3,1,0,2334.68,1,wordex6.png
7,42,1,1,2,1,0,3291.49,3,wordin2_2.png
7,43,2,2,3,3,1,1163.61,1,nonwex2_11.png
7,44,1,2,1,1,1,3491.75,1,wordex9.png
7,45,1,2,2,2,1,4553.07,4,wordin2_1.png
7,46,2,2,4,1,0,1168.16,1,nonwin2.png
7,47,2,1,3,4,0,3495.04,2,nonwin9.png
7,48,2,1,2,4,0,4487.73,4,nonwex2_10.png
7,49,1,1,3,2,0,3258.39,2,wordex11.png
7,50,1,2,3,1,0,1506.83,3,wordin2_5.png
7,51,2,1,3,3,1,2714.26,2,nonwex2.png
7,52,2,2,2,1,0,1271.03,2,nonwex3.png
7,53,1,2,1,4,0,2049.32,2,wordex2_4.png
7,54,2,2,1,3,0,1250.66,1,nonwex11.png
7,55,1,2,1,2,0,2302.42,2,wordex2_6.png
7,56,1,1,4,3,0,2260.85,2,wordin2_11.png
7,57,1,2,2,2,1,1376.32,3,wordex2_2.png
7,58,2,1,3,4,0,1267.75,1,nonwin5.png
7,59,1,1,3,4,0,1358.48,4,wordin10.png
7,60,2,1,4,1,0,1180.99,2,nonwin2_2.png
7,61,2,1,3,3,1,1631.23,2,nonwin2_7.png
7,62,2,1,4,4,1,3552.82,4,nonwex2_6.png
7,63,1,2,4,3,0,1676.05,2,wordex2_11.png
7,64,2,2,3,3,1,2787.42,1,nonwex2_7.png
7,65,1,1,4,1,0,2492.07,2,wordin9.png
7,66,2,1,1,4,0,1448.15,1,nonwin10.png
7,67,2,2,4,1,0,1768.97,1,nonwex7.png
7,68,2,2,4,3,0,1553.07,1,nonwin2_1.png
7,69,1,2,3,4,0,1726.07,1,wordin7.png
7,70,1,1,4,1,0,4011.42,2,wordin4.png
7,71,1,1,3,3,1,1304.31,1,wordin8.png
7,72,2,1,2,4,0,2346.61,2,nonwin7.png
7,73,2,1,1,2,0,3918,1,nonwex2_4.png
7,74,2,2,2,3,0,1256.75,2,nonwex2_8.png
7,75,2,2,2,1,0,1111.64,1,nonwex2_9.png
7,76,2,1,4,4,1,4247.62,4,nonwin2_3.png
7,77,1,2,4,2,0,1700.45,3,wordex4.png
7,78,1,2,3,1,0,1407.25,1,wordin2_10.png
7,79,1,2,4,3,0,1467.18,2,wordex8.png
7,80,1,1,2,1,0,6133.17,2,wordex1.png
8,1,1,2,3,3,1,1822.55,4,wordin8.png
8,2,2,2,3,2,0,1855.8,2,nonwin6.png
8,3,1,1,3,1,0,3211.06,1,wordex9.png
8,4,2,2,3,2,0,2305.62,1,nonwex12.png
8,5,1,2,4,4,1,2147.93,2,wordin7.png
8,6,2,1,1,2,0,1068.19,2,nonwin4.png
8,7,1,1,2,2,1,1081.16,4,wordex3.png
8,8,1,2,3,3,1,1213.76,4,wordex2_6.png
8,9,1,2,1,3,0,696.34,3,wordex5.png
8,10,2,2,1,1,1,1576.44,1,nonwex2_7.png
8,11,1,1,4,4,1,1101,4,wordin4.png
8,12,1,2,3,3,1,1571.55,4,wordin2_11.png
8,13,2,2,1,2,0,1197.52,1,nonwex2_10.png
8,14,1,1,4,4,1,1186.75,3,wordin3.png
8,15,2,1,3,2,0,2354.89,1,nonwex2_11.png
8,16,2,1,4,1,0,1897.3,1,nonwin11.png
8,17,2,1,2,2,1,1216.27,1,nonwin2_11.png
8,18,2,2,4,2,0,4275.8,1,nonwin2_3.png
8,19,1,1,3,3,1,1154.92,4,wordex12.png
8,20,2,1,4,3,0,2380.34,1,nonwex2_3.png
8,21,1,2,1,1,1,1562.14,4,wordex2_10.png
8,22,2,1,4,4,1,1351.33,1,nonwin2_5.png
8,23,1,1,4,2,0,2835.96,1,wordin1.png
8,24,1,2,2,2,1,822.94,4,wordin2_12.png
8,25,2,1,2,2,1,1299.31,1,nonwin2_1.png
8,26,1,1,4,4,1,1159.76,4,wordex2_1.png
8,27,2,1,1,2,0,2495.53,3,nonwex2_6.png
8,28,2,2,3,1,0,1093.68,1,nonwex2_5.png
8,29,1,1,4,1,0,4568.31,2,wordin2_4.png
8,30,1,1,2,2,1,2271.72,1,wordin6.png
8,31,2,1,3,2,0,1203.11,1,nonwin2_6.png
8,32,2,1,4,4,1,1090.93,3,nonwin7.png
8,33,2,2,3,4,0,1483.69,1,nonwin2_4.png
8,34,2,1,2,2,1,1678.91,1,nonwin2_2.png
8,35,2,1,1,2,0,1003.18,1,nonwex3.png
8,36,1,1,2,3,0,2302.86,2,wordin10.png
8,37,1,2,1,1,1,2205.49,2,wordex4.png
8,38,2,2,2,2,1,9910.41,1,nonwex7.png
8,39,1,1,3,4,0,2769.28,1,wordin5.png
8,40,1,2,4,4,1,1552.09,1,wordex8.png
8,41,2,1,3,2,0,2616.13,1,nonwex2.png
8,42,1,1,1,3,0,2546.34,2,wordex2_5.png
8,43,2,2,2,1,0,1545.16,1,nonwex9.png
8,44,2,2,3,1,0,1486.95,1,nonwin3.png
8,45,2,2,2,2,1,1621.26,3,nonwin10.png
8,46,2,1,3,2,0,1650.86,3,nonwex10.png
8,47,2,1,1,4,0,1679.76,1,nonwex11.png
8,48,2,2,4,4,1,1876.9,1,nonwex4.png
8,49,2,2,2,1,0,1165.25,1,nonwin2_12.png
8,50,1,2,4,1,0,1536.89,1,wordex2_12.png
8,51,1,1,3,2,0,1953.34,2,wordin2_9.png
8,52,2,2,1,2,0,2943.82,1,nonwex1.png
8,53,2,2,1,1,1,1545.39,1,nonwex2_4.png
8,54,1,1,2,1,0,2671.74,1,wordex2_3.png
8,55,1,1,2,2,1,1114.75,1,wordin2_10.png
8,56,1,1,1,1,1,1841.5,4,wordex10.png
8,57,1,2,3,3,1,1792.86,4,wordex2_11.png
8,58,2,1,2,2,1,1596.07,1,nonwin12.png
8,59,1,2,2,4,0,5519.62,2,wordex2.png
8,60,1,2,3,1,0,3903.75,1,wordex7.png
8,61,2,2,4,2,0,1513.3,2,nonwin8.png
8,62,1,2,1,4,0,2420.86,1,wordin2_6.png
8,63,2,1,1,4,0,1183.23,1,nonwex2_12.png
8,64,1,1,1,3,0,4237.19,2,wordex6.png
8,65,1,2,2,2,1,1097.19,3,wordex2_2.png
8,66,1,2,4,4,1,2379.72,2,wordex2_4.png
8,67,1,2,4,2,0,2864.19,1,wordin12.png
8,68,2,1,4,1,0,1421.13,1,nonwin9.png
8,69,1,1,1,1,1,1985.1,4,wordex11.png
8,70,1,2,1,2,0,1165.21,1,wordin9.png
8,71,2,1,2,2,1,1480.86,1,nonwin2_9.png
8,72,2,2,4,2,0,938.01,1,nonwin1.png
8,73,1,1,1,4,0,2541.74,1,wordin2.png
8,74,2,1,3,3,1,2559.94,4,nonwin2.png
8,75,2,2,2,2,1,3687.39,1,nonwin2_8.png
8,76,2,2,4,1,0,2181.52,1,nonwex2_2.png
8,77,1,1,3,1,0,2420.52,2,wordin2_5.png
8,78,1,2,2,4,0,1986.89,1,wordin2_8.png
8,79,1,2,2,2,1,3015.42,1,wordex2_7.png
8,80,2,2,1,2,0,1517.72,1,nonwex5.png
9,1,2,1,1,1,1,4230.1,1,nonwin2.png
9,2,2,1,1,1,1,4170.68,2,nonwex2_8.png
9,3,2,2,2,3,0,2226.87,2,nonwex4.png
9,4,2,2,4,4,1,2776.6,3,nonwex10.png
9,5,2,2,2,2,1,1665.47,4,nonwin1.png
9,6,1,1,2,2,1,17339.27,1,wordex2_6.png
9,7,1,2,3,4,0,6971.07,1,wordin10.png
9,8,1,1,2,2,1,1576.26,4,wordex2_11.png
9,9,2,2,2,1,0,5883.11,1,nonwex8.png
9,10,1,1,1,1,1,1756.33,3,wordex9.png
9,11,1,2,4,4,1,1962.92,4,wordex2.png
9,12,2,1,1,1,1,2497.85,3,nonwin8.png
9,13,1,1,2,3,0,3094.87,1,wordin5.png
9,14,2,1,2,2,1,1605.49,3,nonwex2_12.png
9,15,2,2,4,3,0,3252.45,2,nonwin4.png
9,16,2,1,1,1,1,1724.9,1,nonwex2_2.png
9,17,1,1,4,1,0,1498.43,2,wordin2_12.png
9,18,2,2,3,3,1,1500.81,4,nonwin5.png
9,19,1,1,3,3,1,1503.78,4,wordin11.png
9,20,2,1,2,4,0,1160.21,2,nonwex2_6.png
9,21,2,2,1,3,0,10117.39,2,nonwex2_5.png
9,22,1,2,2,2,1,1080.39,4,wordin2_6.png
9,23,2,2,3,1,0,4566.18,2,nonwex7.png
9,24,1,1,1,2,0,7984.69,1,wordin12.png
9,25,2,1,4,4,1,1420.51,2,nonwex2_11.png
9,26,1,2,3,3,1,1218.55,4,wordin2_8.png
9,27,1,2,3,3,1,2201.98,4,wordin2_1.png
9,28,1,2,1,1,1,1836.68,3,wordin2_10.png
9,29,2,2,4,4,1,1267.23,4,nonwex2_3.png
9,30,2,2,3,3,1,1869.77,4,nonwex2_10.png
9,31,2,1,3,1,0,7299.59,1,nonwex2_9.png
9,32,1,2,4,4,1,1406.01,4,wordex2_3.png
9,33,1,1,1,3,0,2068.98,2,wordex2_1.png
9,34,2,1,3,4,0,1497.82,1,nonwin2_1.png
9,35,2,2,1,2,0,2897.81,1,nonwin2_2.png
9,36,2,2,2,2,1,1541.1,2,nonwex11.png
9,37,1,2,2,4,0,4892.64,2,wordex7.png
9,38,1,1,1,1,1,1434.93,2,wordex2_12.png
9,39,2,1,4,4,1,1644.56,3,nonwex5.png
9,40,1,2,1,1,1,1227.84,3,wordin9.png
9,41,1,1,3,4,0,2787.16,1,wordex3.png
9,42,2,1,3,4,0,8521.67,1,nonwin2_3.png
9,43,2,2,1,2,0,5354.76,1,nonwin2_10.png
9,44,2,2,3,3,1,2847.12,1,nonwin2_11.png
9,45,1,2,1,1,1,1471.95,3,wordin3.png
9,46,2,1,2,4,0,8058.42,2,nonwex2_7.png
9,47,1,2,1,2,0,3850.11,2,wordex2_10.png
9,48,1,2,4,4,1,1694.55,2,wordin2_2.png
9,49,1,1,4,4,1,6616.24,2,wordex5.png
9,50,1,2,1,4,0,1249.96,4,wordin2_3.png
9,51,2,1,2,1,0,3740.22,3,nonwin12.png
9,52,2,1,4,2,0,3694.69,1,nonwin6.png
9,53,1,2,2,2,1,1303.6,4,wordex8.png
9,54,2,2,3,3,1,2811.95,1,nonwex2_1.png
9,55,1,2,4,4,1,2124.64,4,wordex2_8.png
9,56,2,2,4,2,0,3480.93,1,nonwex2.png
9,57,1,2,3,3,1,2440.52,1,wordex1.png
9,58,1,2,3,3,1,7172.35,3,wordin2_7.png
9,59,2,2,1,1,1,3178.05,1,nonwin2_9.png
9,60,2,2,4,4,1,2245.65,1,nonwin7.png
9,61,2,2,1,2,0,4322.87,1,nonwin2_7.png
9,62,1,1,3,2,0,8409.27,1,wordex4.png
9,63,2,1,3,1,0,2749.2,2,nonwex9.png
9,64,1,1,2,3,0,11649.35,2,wordex2_4.png
9,65,2,1,3,3,1,5557.02,1,nonwin9.png
9,66,1,1,4,4,1,1664.5,4,wordin4.png
9,67,1,1,3,2,0,4187.67,3,wordex6.png
9,68,1,1,2,1,0,5498.74,1,wordex2_7.png
9,69,2,1,1,1,1,3584.68,1,nonwex1.png
9,70,1,1,4,2,0,11953.45,1,wordex10.png
9,71,1,1,4,4,1,1549.99,4,wordin8.png
9,72,1,2,4,4,1,1421.11,4,wordin2_9.png
9,73,2,2,2,3,0,3889.89,1,nonwex3.png
9,74,1,2,2,2,1,1461.72,4,wordex2_5.png
9,75,1,2,2,4,0,1438.3,4,wordin2_11.png
9,76,2,1,4,4,1,1895.48,1,nonwex2_4.png
9,77,2,1,4,4,1,7437.07,2,nonwin2_4.png
9,78,1,1,3,2,0,8887.17,1,wordex11.png
9,79,1,1,1,3,0,4731.91,2,wordex2_2.png
9,80,2,1,2,1,0,4688.2,1,nonwin2_5.png
10,1,2,2,3,4,0,11944,3,nonwin11.png
10,2,1,1,3,3,1,4136.95,4,wordex8.png
10,3,2,2,1,2,0,5644.41,3,nonwex6.png
10,4,1,2,2,2,1,4869.16,4,wordin11.png
10,5,2,1,1,4,0,5483.75,3,nonwex2_1.png
10,6,1,2,3,4,0,14135.68,2,wordex2_4.png
10,7,2,2,3,3,1,1806.48,4,nonwin2_3.png
10,8,2,2,4,2,0,6998.06,3,nonwex9.png
10,9,2,2,4,4,1,2736.26,4,nonwex3.png
10,10,1,2,4,4,1,1552.06,4,wordin2_11.png
10,11,2,1,2,2,1,4405.07,3,nonwin2_10.png
10,12,1,1,1,1,1,1933.84,4,wordex9.png
10,13,1,2,4,4,1,1155.5,4,wordin10.png
10,14,2,1,2,4,0,11322.53,2,nonwex5.png
10,15,2,2,1,1,1,1836.38,4,nonwex2_4.png
10,16,2,1,1,1,1,1946.75,4,nonwin7.png
10,17,2,1,1,3,0,13220.51,2,nonwex8.png
10,18,2,2,4,2,0,3097.12,2,nonwin2_1.png
10,19,2,2,1,1,1,2420.05,4,nonwin4.png
10,20,1,1,4,4,1,3202.92,4,wordin2_6.png
10,21,2,2,4,4,1,1259.75,4,nonwin6.png
10,22,1,2,2,2,1,2383.07,4,wordin2_1.png
10,23,2,2,3,3,1,1437.95,4,nonwin2_9.png
10,24,2,1,3,3,1,1400.89,4,nonwin10.png
10,25,2,2,3,3,1,3506.48,4,nonwin2_4.png
10,26,1,1,2,1,0,1616.04,4,wordex2_7.png
10,27,2,1,4,4,1,7364.04,3,nonwin8.png
10,28,1,2,1,1,1,1088.79,4,wordex2_3.png
10,29,1,2,1,1,1,1043.11,4,wordex12.png
10,30,1,2,4,2,0,13311.5,2,wordin3.png
10,31,2,1,1,1,1,1485.15,4,nonwex10.png
10,32,2,1,2,1,0,6899.94,3,nonwin5.png
10,33,1,1,3,4,0,12687.78,2,wordin2_12.png
10,34,1,1,4,4,1,4170.01,3,wordex2_12.png
10,35,1,2,4,4,1,3203.65,4,wordex2.png
10,36,1,2,2,2,1,2348.47,4,wordex2_10.png
10,37,1,1,3,3,1,2517.77,4,wordin4.png
10,38,1,2,3,3,1,8872.47,3,wordex6.png
10,39,1,1,1,1,1,1682.78,4,wordin5.png
10,40,2,2,1,1,1,785.14,4,nonwin2_12.png
10,41,2,1,4,2,0,4441.96,3,nonwex4.png
10,42,2,1,1,1,1,1470.28,4,nonwex2_11.png
10,43,1,2,3,4,0,5565.76,2,wordin2_5.png
10,44,2,1,3,2,0,5821.72,2,nonwex2_7.png
10,45,1,1,1,1,1,2009.47,4,wordex10.png
10,46,1,1,4,2,0,4715.95,3,wordex4.png
10,47,1,1,2,1,0,3702.84,3,wordin6.png
10,48,2,1,2,2,1,1726.04,2,nonwex2.png
10,49,1,1,2,2,1,1661,4,wordex2_8.png
10,50,1,2,2,2,1,3670.15,3,wordex2_2.png
10,51,2,2,1,2,0,3424.35,2,nonwin2_5.png
10,52,2,2,2,2,1,7006.66,2,nonwin2_6.png
10,53,1,2,1,1,1,4778.01,3,wordin8.png
10,54,1,2,3,3,1,1794.21,4,wordex2_9.png
10,55,1,1,1,2,0,4558.37,3,wordex2_1.png
10,56,2,2,4,1,0,7698.45,2,nonwex2_9.png
10,57,2,1,4,2,0,2496.82,2,nonwin9.png
10,58,1,2,1,4,0,11233.95,2,wordin2_2.png
10,59,1,1,4,4,1,846.28,4,wordin2_3.png
10,60,1,2,2,3,0,7081.76,3,wordin12.png
10,61,2,2,2,2,1,2513.39,2,nonwex2_10.png
10,62,2,2,2,2,1,2364.23,2,nonwex2_2.png
10,63,2,1,4,3,0,5721.4,2,nonwex2_3.png
10,64,2,2,3,3,1,2805.74,4,nonwex2_6.png
10,65,1,1,3,3,1,1192.08,4,wordin7.png
10,66,2,1,2,2,1,4765.49,2,nonwin2_7.png
10,67,2,2,2,2,1,6812.62,2,nonwex11.png
10,68,1,1,2,2,1,19613.38,3,wordin2_4.png
10,69,1,1,1,1,1,1214.93,4,wordin2_7.png
10,70,1,1,3,3,1,3278.5,4,wordin9.png
10,71,2,1,3,3,1,6332.76,3,nonwin12.png
10,72,1,1,2,4,0,5645.62,2,wordex7.png
10,73,1,1,4,4,1,5400.23,3,wordex1.png
10,74,1,2,1,3,0,6029.5,3,wordin2.png
10,75,1,2,4,2,0,9384.58,2,wordin2_8.png
10,76,2,1,3,2,0,14159.39,2,nonwex2_8.png
10,77,1,2,3,3,1,2671.86,4,wordex2_6.png
10,78,2,1,4,2,0,2301,3,nonwin2_2.png
10,79,2,1,3,1,0,4571.96,3,nonwin2_8.png
10,80,2,2,2,2,1,5899.76,2,nonwex2_12.png
11,1,2,1,4,3,0,3217.26,1,nonwex6.png
11,2,2,1,4,1,0,3201.61,1,nonwex2_4.png
11,3,2,2,2,1,0,2506.13,2,nonwin4.png
11,4,1,1,2,2,1,2903.24,4,wordex12.png
11,5,1,1,2,2,1,1851.3,4,wordin1.png
11,6,1,2,3,3,1,1146.28,4,wordex2_10.png
11,7,1,2,2,2,1,3265.08,4,wordex2_1.png
11,8,1,2,2,2,1,1781.39,4,wordin2.png
11,9,2,2,1,1,1,4298.07,4,nonwin2_10.png
11,10,2,2,4,4,1,2013.41,1,nonwex8.png
11,11,1,1,2,2,1,2085.7,4,wordex2.png
11,12,1,1,4,2,0,2870.44,2,wordex2_7.png
11,13,2,1,2,2,1,1931.92,4,nonwex2_9.png
11,14,2,1,4,1,0,2232.84,1,nonwin2_2.png
11,15,1,2,4,1,0,1896.5,1,wordin6.png
11,16,1,2,3,3,1,2981.44,4,wordex4.png
11,17,1,1,3,2,0,2879.01,2,wordex2_11.png
11,18,1,2,4,4,1,2985.93,3,wordin12.png
11,19,2,2,2,1,0,1820.61,1,nonwin2_3.png
11,20,2,2,4,1,0,1460.98,1,nonwex10.png
11,21,1,2,2,2,1,2244.84,4,wordin11.png
11,22,1,1,4,3,0,2878.87,1,wordex2_8.png
11,23,2,1,1,3,0,1076.97,1,nonwex2_6.png
11,24,1,2,1,2,0,1409.31,2,wordin2_12.png
11,25,2,2,3,1,0,1062.03,1,nonwin2_5.png
11,26,2,2,3,2,0,1745.66,2,nonwex2_11.png
11,27,1,1,4,3,0,1511.62,1,wordin8.png
11,28,2,2,2,2,1,2242.69,4,nonwex2_8.png
11,29,2,1,1,1,1,1835.16,4,nonwin9.png
11,30,1,2,3,3,1,3380.54,4,wordin2_1.png
11,31,2,2,3,1,0,1388.62,1,nonwex2.png
11,32,1,1,1,1,1,1290.36,4,wordin2_10.png
11,33,2,2,4,1,0,828.98,2,nonwex4.png
11,34,1,2,3,3,1,2435.92,4,wordin4.png
11,35,2,2,2,2,1,2820.56,4,nonwin2_7.png
11,36,2,1,4,4,1,1653.84,1,nonwex12.png
11,37,1,1,3,3,1,1782.7,4,wordex7.png
11,38,2,1,1,1,1,1104.16,1,nonwin6.png
11,39,1,1,3,2,0,2555.13,2,wordex11.png
11,40,2,1,1,1,1,1079.31,1,nonwin1.png
11,41,1,2,1,1,1,1991.05,4,wordin2_7.png
11,42,1,1,4,4,1,3789,3,wordex2_9.png
11,43,2,2,1,1,1,2530.85,4,nonwin2_6.png
11,44,2,1,2,2,1,1509.29,1,nonwex11.png
11,45,2,1,3,1,0,1162.6,1,nonwex2_1.png
11,46,1,1,4,3,0,2426.85,1,wordex9.png
11,47,1,1,3,3,1,2270.58,4,wordex5.png
11,48,1,1,2,1,0,1606.26,1,wordex8.png
11,49,1,2,1,1,1,1660.28,4,wordex6.png
11,50,2,1,2,1,0,1130.32,1,nonwex2_12.png
11,51,1,1,1,1,1,1978.53,4,wordin2_4.png
11,52,2,2,1,1,1,1172.68,1,nonwin2.png
11,53,1,1,2,2,1,2477.59,4,wordin2_9.png
11,54,2,1,1,2,0,2044.17,4,nonwex2_5.png
11,55,1,2,4,4,1,1579.14,4,wordin3.png
11,56,2,2,3,2,0,2140.67,1,nonwex2_10.png
11,57,1,2,3,3,1,1565.81,4,wordin9.png
11,58,1,2,2,2,1,3681.39,4,wordin7.png
11,59,2,2,4,3,0,1502.61,1,nonwex7.png
11,60,1,1,1,1,1,2538.97,1,wordin2_3.png
11,61,1,1,1,1,1,2903.03,3,wordex10.png
11,62,2,1,2,2,1,2005.51,4,nonwin11.png
11,63,2,1,3,2,0,1558.54,1,nonwin8.png
11,64,2,2,2,2,1,1932.6,1,nonwex5.png
11,65,1,2,4,4,1,859.12,4,wordex2_5.png
11,66,2,1,4,2,0,2368.59,1,nonwin12.png
11,67,2,1,3,2,0,1291.33,1,nonwin7.png
11,68,1,1,3,3,1,1462.66,1,wordin2_11.png
11,69,1,2,4,1,0,1627.67,1,wordin2_5.png
11,70,2,2,1,1,1,1425.02,1,nonwex1.png
11,71,1,2,1,2,0,1629.27,3,wordex2_6.png
11,72,2,1,3,3,1,1458.5,1,nonwin2_4.png
11,73,2,2,1,1,1,1608.26,1,nonwin2_11.png
11,74,2,1,2,2,1,2609.02,3,nonwin3.png
11,75,1,2,1,1,1,1391.39,4,wordex1.png
11,76,2,1,3,2,0,2000.53,1,nonwex2_3.png
11,77,1,1,1,1,1,954.01,4,wordin2_8.png
11,78,1,2,2,2,1,1165.39,1,wordin5.png
11,79,2,2,4,1,0,1323.53,2,nonwex9.png
11,80,2,2,3,1,0,2124.7,1,nonwin5.png
12,1,2,2,4,4,1,4760.09,2,nonwex2_12.png
12,2,2,2,1,4,0,4477.59,1,nonwex2.png
12,3,1,2,1,1,1,7300.94,4,wordex7.png
12,4,1,2,1,3,0,6260.68,4,wordex12.png
12,5,2,1,2,2,1,2903.94,4,nonwex2_4.png
12,6,2,2,4,3,0,4671.76,1,nonwin7.png
12,7,1,1,2,2,1,2051.75,4,wordex2_8.png
12,8,1,2,3,3,1,3607.19,3,wordin2_9.png
12,9,2,1,2,2,1,2461.05,4,nonwin5.png
12,10,1,2,2,2,1,2802.24,4,wordin2_7.png
12,11,2,1,1,4,0,4090.71,3,nonwin9.png
12,12,1,1,3,3,1,3773.57,4,wordin4.png
12,13,1,1,3,3,1,2964.8,4,wordin2.png
12,14,2,1,1,3,0,4509.02,3,nonwin2.png
12,15,1,2,2,2,1,2205.6,4,wordex2_11.png
12,16,1,1,1,4,0,4423.32,3,wordex2_10.png
12,17,2,1,2,3,0,4312.45,2,nonwex3.png
12,18,2,2,3,3,1,1184.8,1,nonwex2_10.png
12,19,2,1,2,2,1,4252.67,3,nonwex5.png
12,20,2,1,3,4,0,3077.75,1,nonwex2_8.png
12,21,2,1,1,2,0,4363.68,2,nonwin2_7.png
12,22,2,1,4,4,1,1053.1,4,nonwin10.png
12,23,1,1,1,1,1,3719.59,4,wordin7.png
12,24,1,1,3,3,1,1916.01,4,wordin12.png
12,25,1,2,2,2,1,1499.7,4,wordin5.png
12,26,1,1,4,4,1,2968.02,4,wordin2_4.png
12,27,1,1,3,4,0,4280.23,4,wordex3.png
12,28,1,2,2,2,1,2080.44,4,wordex6.png
12,29,2,2,2,2,1,5716.6,3,nonwin2_11.png
12,30,1,1,4,4,1,1725.61,4,wordex2.png
12,31,1,2,3,3,1,3084.35,2,wordex2_4.png
12,32,1,2,1,1,1,4439.6,3,wordex1.png
12,33,1,1,2,3,0,5517.22,1,wordin6.png
12,34,2,2,3,3,1,2597.17,4,nonwex12.png
12,35,2,1,3,3,1,1564.05,4,nonwex2_3.png
12,36,2,2,4,4,1,1551.06,4,nonwin2_9.png
12,37,1,1,2,2,1,2363.37,4,wordex2_5.png
12,38,1,2,4,4,1,1095.48,4,wordin8.png
12,39,1,2,3,3,1,1663.45,4,wordin2_5.png
12,40,1,2,4,4,1,871.05,4,wordex2_6.png
12,41,2,2,2,3,0,4410.2,4,nonwex10.png
12,42,2,2,2,4,0,2678.59,4,nonwex4.png
12,43,1,1,1,1,1,4170.61,4,wordin2_3.png
12,44,1,1,4,4,1,1843.86,1,wordin2_12.png
12,45,1,2,4,4,1,2960.2,3,wordin10.png
12,46,1,1,2,2,1,1609.2,4,wordex2_1.png
12,47,2,1,1,4,0,6907.46,2,nonwin2_1.png
12,48,1,1,3,4,0,4592.27,3,wordex4.png
12,49,2,2,1,3,0,2273.12,1,nonwex7.png
12,50,2,1,4,4,1,2428.96,4,nonwex2_7.png
12,51,1,1,1,1,1,2685.09,4,wordex2_3.png
12,52,2,1,4,3,0,2373.69,1,nonwin2_2.png
12,53,1,2,1,1,1,2162.14,2,wordex10.png
12,54,1,2,1,1,1,2326.67,4,wordex2_12.png
12,55,2,1,3,1,0,2976.69,4,nonwin4.png
12,56,1,1,1,1,1,1575.67,4,wordin1.png
12,57,2,1,3,3,1,3036.57,1,nonwex2_9.png
12,58,1,1,4,3,0,5687.78,1,wordex2_9.png
12,59,2,2,3,3,1,4809.36,1,nonwex2_6.png
12,60,2,1,1,3,0,3461.68,1,nonwin2_8.png
12,61,2,2,3,3,1,2970.2,1,nonwex2_5.png
12,62,2,2,2,1,0,5834,1,nonwex11.png
12,63,2,1,3,4,0,1638.71,2,nonwin6.png
12,64,1,2,4,4,1,1679.53,2,wordin2_11.png
12,65,2,2,2,2,1,2538.36,4,nonwex2_2.png
12,66,2,1,2,2,1,1360.18,4,nonwin2_10.png
12,67,2,2,1,3,0,3701.6,4,nonwin8.png
12,68,2,2,1,3,0,2645.27,3,nonwex2_11.png
12,69,2,1,4,2,0,2275.73,3,nonwin11.png
12,70,1,2,4,4,1,1508.17,4,wordin2_10.png
12,71,1,2,2,2,1,1377.9,4,wordin2_2.png
12,72,2,2,4,1,0,4896.71,1,nonwex9.png
12,73,2,1,4,1,0,2831.35,1,nonwex2_1.png
12,74,1,1,2,2,1,1502.46,4,wordin2_6.png
12,75,1,1,4,4,1,3250.07,4,wordin9.png
12,76,2,2,1,3,0,2379.66,1,nonwin2_5.png
12,77,1,2,3,3,1,3093.98,4,wordex2_7.png
12,78,1,2,3,2,0,8705.25,2,wordin2_8.png
12,79,2,2,4,4,1,2030.72,4,nonwin2_3.png
12,80,2,2,3,3,1,1529.62,1,nonwex1.png
13,1,2,2,4,2,0,4993.05,1,nonwex2_5.png
13,2,2,1,3,3,1,2920.78,2,nonwin10.png
13,3,1,2,1,1,1,2119.29,2,wordin7.png
13,4,1,2,1,1,1,1492.1,4,wordex2_7.png
13,5,2,2,3,3,1,2617.71,2,nonwex2_11.png
13,6,1,1,3,2,0,3776.8,2,wordex1.png
13,7,2,2,4,1,0,4325.34,1,nonwex2_9.png
13,8,1,1,3,4,0,5317.16,3,wordex2_1.png
13,9,2,1,4,4,1,2644.49,3,nonwin11.png
13,10,1,1,3,3,1,1364.59,4,wordex2_8.png
13,11,2,2,4,2,0,2457.77,2,nonwex2_7.png
13,12,1,1,1,1,1,1717.19,2,wordex4.png
13,13,1,1,3,3,1,2045.52,2,wordex2_9.png
13,14,1,2,1,2,0,3884.1,2,wordex12.png
13,15,1,1,1,3,0,3130.66,1,wordex2_4.png
13,16,1,2,1,1,1,2378.1,4,wordin2_12.png
13,17,1,2,3,2,0,4499.99,2,wordin1.png
13,18,2,1,3,3,1,3890.02,4,nonwin2_8.png
13,19,1,2,4,4,1,2706.65,1,wordin2_8.png
13,20,1,1,1,1,1,1367.79,4,wordex2_11.png
13,21,2,1,1,2,0,2560.72,2,nonwin2_11.png
13,22,2,2,3,3,1,1696.24,1,nonwin2_4.png
13,23,1,2,2,4,0,3812.55,1,wordin2_3.png
13,24,1,1,4,2,0,3242.04,2,wordin6.png
13,25,1,1,4,3,0,2092.59,1,wordin2_9.png
13,26,1,1,4,4,1,1568.07,2,wordex7.png
13,27,1,2,3,1,0,3519.78,2,wordin2.png
13,28,2,1,1,1,1,1421.41,4,nonwex2_6.png
13,29,2,1,1,1,1,869.02,4,nonwin6.png
13,30,2,2,3,2,0,1590.86,2,nonwin4.png
13,31,1,1,2,2,1,1739.08,2,wordex2_10.png
13,32,2,2,1,3,0,1290.36,2,nonwin1.png
13,33,2,1,3,1,0,2887.71,1,nonwex4.png
13,34,2,2,2,4,0,1913.63,1,nonwex9.png
13,35,2,2,1,2,0,3974.11,1,nonwin2_10.png
13,36,1,1,3,4,0,4120.08,2,wordin2_4.png
13,37,2,2,4,3,0,3450.13,1,nonwex2_3.png
13,38,1,1,2,2,1,2981.6,4,wordin12.png
13,39,1,1,1,2,0,1360.33,4,wordin11.png
13,40,2,1,4,3,0,1876.22,1,nonwex3.png
13,41,2,1,1,1,1,2020.62,2,nonwin5.png
13,42,1,2,2,2,1,3885.6,4,wordex11.png
13,43,1,2,2,4,0,3446.19,2,wordin4.png
13,44,2,2,4,2,0,3608.09,2,nonwin3.png
13,45,2,2,2,3,0,2283.48,1,nonwex6.png
13,46,1,2,4,1,0,3039.98,1,wordin2_10.png
13,47,2,1,4,4,1,2441.17,1,nonwin2_5.png
13,48,1,2,3,2,0,1589.66,4,wordex2_12.png
13,49,1,1,4,4,1,2603.34,2,wordin10.png
13,50,2,1,3,1,0,3377.14,1,nonwex1.png
13,51,2,1,4,3,0,1984.57,1,nonwin2_2.png
13,52,2,2,3,1,0,1833.86,1,nonwex7.png
13,53,1,2,4,4,1,2855.82,2,wordex8.png
13,54,2,1,2,3,0,1892.92,1,nonwex2_2.png
13,55,1,2,4,4,1,2080.63,4,wordin2_5.png
13,56,1,2,3,3,1,2689.89,4,wordex6.png
13,57,1,1,2,2,1,1429.43,4,wordin8.png
13,58,1,1,1,2,0,4552.27,3,wordin3.png
13,59,2,2,3,1,0,1911.07,1,nonwin2_1.png
13,60,2,2,1,3,0,1292.97,1,nonwin2_7.png
13,61,2,2,2,1,0,1971.91,1,nonwex8.png
13,62,2,1,2,2,1,2874.18,3,nonwex2_8.png
13,63,1,2,1,3,0,3460.31,1,wordex2_2.png
13,64,1,1,2,2,1,1271.87,4,wordin5.png
13,65,2,1,2,2,1,2545.71,4,nonwex2_12.png
13,66,2,1,2,1,0,2906.83,3,nonwin2_9.png
13,67,2,1,3,3,1,4265.62,2,nonwin2_3.png
13,68,1,2,2,2,1,4867.6,2,wordin2_2.png
13,69,2,2,1,1,1,1894.37,1,nonwex2.png
13,70,1,2,4,4,1,1570.23,4,wordin2_1.png
13,71,1,1,2,4,0,5625.96,3,wordex9.png
13,72,1,2,2,1,0,4855.41,3,wordex2_6.png
13,73,2,1,1,3,0,3138.62,2,nonwin2_6.png
13,74,2,2,2,1,0,2764.48,1,nonwin2.png
13,75,1,2,3,3,1,1578.16,1,wordex2_3.png
13,76,1,1,4,4,1,3062.02,3,wordin2_6.png
13,77,2,2,1,3,0,1897.25,1,nonwex11.png
13,78,2,1,4,2,0,3747.79,1,nonwex5.png
13,79,2,2,2,1,0,3037.76,2,nonwex2_1.png
13,80,2,1,2,2,1,1654.58,2,nonwin7.png
14,1,1,1,4,4,1,14058.94,3,wordex9.png
14,2,2,2,2,3,0,8156.68,1,nonwex2_12.png
14,3,1,1,3,3,1,1425.32,4,wordex1.png
14,4,1,1,4,4,1,3249.19,4,wordin2.png
14,5,2,1,1,2,0,2910.76,1,nonwex1.png
14,6,2,1,1,1,1,2014.86,2,nonwex3.png
14,7,1,1,3,3,1,4588.99,3,wordex2_6.png
14,8,2,1,3,3,1,3118.13,3,nonwex2_1.png
14,9,1,2,1,1,1,3494.2,4,wordex2_10.png
14,10,2,2,1,4,0,2235.38,1,nonwin3.png
14,11,1,2,3,3,1,1390.14,4,wordin2_8.png
14,12,1,1,2,2,1,5875.79,4,wordex2_2.png
14,13,1,2,1,1,1,905.24,4,wordex4.png
14,14,2,2,3,3,1,1887.01,2,nonwin11.png
14,15,1,2,4,4,1,5026.18,1,wordex3.png
14,16,2,1,4,4,1,1309.72,2,nonwin2.png
14,17,1,1,1,1,1,2393.38,4,wordin2_7.png
14,18,2,2,3,3,1,3067.58,1,nonwex2_6.png
14,19,2,2,4,4,1,2428.41,1,nonwex11.png
14,20,2,1,3,4,0,1014.71,2,nonwex9.png
14,21,1,2,3,3,1,900.67,4,wordin2_3.png
14,22,1,2,1,4,0,9014.23,2,wordex2_1.png
14,23,2,2,2,4,0,2214.06,1,nonwex8.png
14,24,2,1,4,4,1,2294.77,3,nonwin9.png
14,25,1,1,1,1,1,3796.72,4,wordin2_2.png
14,26,2,1,1,1,1,4084.38,3,nonwin2_9.png
14,27,1,2,3,3,1,7765.57,3,wordin10.png
14,28,2,1,2,2,1,2111.83,4,nonwin4.png
14,29,2,2,1,1,1,4513.99,4,nonwin10.png
14,30,1,2,2,3,0,2880.67,1,wordin12.png
14,31,1,1,1,1,1,13322.08,3,wordin2_10.png
14,32,1,1,4,4,1,1344.39,4,wordin8.png
14,33,2,2,2,4,0,2482.66,2,nonwin2_6.png
14,34,2,2,3,4,0,1913.42,2,nonwex2_4.png
14,35,1,1,4,4,1,4468.19,4,wordex2.png
14,36,2,2,3,3,1,2365.2,1,nonwin1.png
14,37,2,2,2,4,0,3438.14,1,nonwex2_3.png
14,38,1,1,3,3,1,2810.36,4,wordex2_5.png
14,39,1,2,2,2,1,1852.08,4,wordin1.png
14,40,2,2,4,4,1,7825.84,2,nonwex2_2.png
14,41,1,2,4,2,0,9258.58,2,wordin5.png
14,42,2,1,2,2,1,3633.87,3,nonwin2_11.png
14,43,1,1,2,2,1,3422.28,4,wordin2_4.png
14,44,2,1,4,4,1,1712.45,4,nonwex12.png
14,45,2,1,3,3,1,2491.64,3,nonwex2_5.png
14,46,2,2,4,4,1,1492.09,4,nonwex2.png
14,47,2,1,3,2,0,14590.31,1,nonwin2_5.png
14,48,2,1,4,4,1,3561.46,3,nonwex2_11.png
14,49,1,2,2,2,1,1129.73,4,wordex7.png
14,50,1,2,4,4,1,949.38,4,wordex2_12.png
14,51,2,2,1,1,1,3225.37,3,nonwin2_4.png
14,52,2,2,3,4,0,1595.51,1,nonwex7.png
14,53,2,1,1,1,1,6482.63,4,nonwin2_7.png
14,54,1,2,1,3,0,7015.52,1,wordin9.png
14,55,2,1,2,2,1,5076.52,3,nonwin6.png
14,56,2,1,2,1,0,9036.86,2,nonwex2_8.png
14,57,1,2,1,1,1,2250.81,4,wordin2_1.png
14,58,2,2,4,4,1,6128.29,2,nonwex4.png
14,59,1,1,2,2,1,3605.96,4,wordin2_9.png
14,60,1,1,2,2,1,1799.26,4,wordin2_12.png
14,61,2,2,2,4,0,1789.47,2,nonwex2_10.png
14,62,1,1,3,3,1,2129.5,4,wordex12.png
14,63,1,1,1,1,1,1273.52,4,wordex6.png
14,64,1,1,2,2,1,4900,4,wordex10.png
14,65,2,2,1,1,1,2251.43,3,nonwin2_2.png
14,66,1,1,1,1,1,1518.67,2,wordin3.png
14,67,2,1,1,3,0,7941.88,1,nonwex5.png
14,68,1,2,4,4,1,1162.25,4,wordin2_5.png
14,69,1,2,3,3,1,1824.68,4,wordex11.png
14,70,1,2,2,2,1,1099.59,4,wordin4.png
14,71,1,2,3,3,1,1274.35,4,wordex2_8.png
14,72,1,2,4,2,0,3779.57,3,wordin2_6.png
14,73,2,2,1,4,0,2420.65,1,nonwin12.png
14,74,1,2,2,2,1,1426.86,4,wordex2_7.png
14,75,2,1,2,2,1,1500.79,4,nonwin2_3.png
14,76,2,1,3,3,1,1063.98,4,nonwex2_7.png
14,77,2,2,4,4,1,1928.85,1,nonwin5.png
14,78,1,1,4,4,1,2941.76,4,wordin6.png
14,79,2,1,4,4,1,2065.04,4,nonwin8.png
14,80,1,1,3,3,1,1858.11,4,wordex2_11.png
15,1,2,1,3,2,0,24145.89,1,nonwin9.png
15,2,2,1,3,1,0,5316.35,3,nonwin6.png
15,3,1,1,1,1,1,923.22,4,wordin2_12.png
15,4,1,2,3,1,0,1540.48,4,wordin2_7.png
15,5,1,1,4,4,1,1276.54,4,wordin2_10.png
15,6,1,1,3,3,1,787.64,4,wordin2_3.png
15,7,2,1,2,3,0,8493.67,1,nonwin2_6.png
15,8,1,1,1,1,1,1299.65,4,wordex2_12.png
15,9,1,2,1,3,0,15166.89,3,wordin6.png
15,10,2,1,2,2,1,3647.98,1,nonwin7.png
15,11,2,1,4,4,1,940.15,4,nonwex2_4.png
15,12,1,2,4,4,1,1243.7,4,wordin11.png
15,13,2,1,1,3,0,5703.5,3,nonwin2_2.png
15,14,1,1,2,1,0,8227.58,3,wordex2_7.png
15,15,2,1,2,1,0,6596.3,3,nonwex12.png
15,16,1,2,4,4,1,2326.88,4,wordex2_6.png
15,17,1,1,3,3,1,1097.96,4,wordex2_11.png
15,18,2,2,4,3,0,9161.83,2,nonwin11.png
15,19,1,1,4,4,1,799.84,4,wordex9.png
15,20,1,2,2,2,1,4355.69,4,wordin2_2.png
15,21,1,1,3,2,0,7329.8,3,wordex11.png
15,22,2,2,2,2,1,3238.85,1,nonwex1.png
15,23,2,2,1,1,1,3630.66,3,nonwin2_8.png
15,24,1,2,1,1,1,1472.11,4,wordin9.png
15,25,2,1,3,3,1,1133.84,4,nonwex3.png
15,26,1,1,2,2,1,1059,4,wordex6.png
15,27,1,1,3,2,0,2681.37,3,wordin2_8.png
15,28,1,1,2,2,1,2302.16,4,wordin4.png
15,29,2,1,1,1,1,5435.03,1,nonwin8.png
15,30,1,1,2,2,1,1060.8,4,wordex3.png
15,31,2,2,3,3,1,5174.03,1,nonwin2_12.png
15,32,1,1,4,4,1,2250.64,4,wordex2_8.png
15,33,1,2,3,2,0,9371.04,1,wordex5.png
15,34,1,2,4,4,1,1066.62,4,wordin2_1.png
15,35,1,2,1,1,1,1149.94,4,wordin3.png
15,36,2,2,3,3,1,3389.15,3,nonwex7.png
15,37,2,1,1,1,1,1980.18,4,nonwin2.png
15,38,2,2,2,3,0,2768.45,1,nonwin2_9.png
15,39,2,2,1,3,0,4750.94,2,nonwex2_12.png
15,40,1,1,4,2,0,10965.66,2,wordex2_1.png
15,41,1,1,1,1,1,1805.83,4,wordex2_9.png
15,42,2,2,3,1,0,4212.92,1,nonwin5.png
15,43,1,2,3,3,1,1213.19,4,wordex7.png
15,44,1,1,1,1,1,1701.4,4,wordex2_3.png
15,45,2,2,4,4,1,1226.74,4,nonwin2_11.png
15,46,1,1,3,3,1,5138.94,2,wordex12.png
15,47,1,1,2,2,1,1316.27,4,wordex2_5.png
15,48,2,1,4,4,1,801.7,4,nonwin3.png
15,49,2,2,3,1,0,1939.44,1,nonwex6.png
15,50,1,2,2,2,1,2119.64,4,wordin2_11.png
15,51,2,1,1,4,0,12804.89,3,nonwex9.png
15,52,2,2,1,1,1,2292.4,4,nonwex2.png
15,53,2,1,3,1,0,11693.46,1,nonwin2_7.png
15,54,2,2,3,3,1,5466.12,2,nonwex4.png
15,55,2,1,2,4,0,7264.3,2,nonwex2_7.png
15,56,2,2,2,2,1,8528.58,1,nonwex2_2.png
15,57,2,2,4,3,0,4053.41,3,nonwex2_1.png
15,58,1,2,2,2,1,3654.82,3,wordin7.png
15,59,1,2,2,2,1,2566.96,3,wordin2.png
15,60,1,2,3,1,0,1154.98,4,wordin1.png
15,61,1,2,2,2,1,4838.68,3,wordex2_4.png
15,62,1,2,4,3,0,8468.27,1,wordin2_6.png
15,63,2,2,1,4,0,13330.95,1,nonwin2_4.png
15,64,1,2,3,2,0,12030.05,2,wordin5.png
15,65,2,2,4,3,0,5908.27,2,nonwex8.png
15,66,2,1,3,2,0,3420.22,1,nonwin12.png
15,67,2,1,1,1,1,3482.52,4,nonwex2_5.png
15,68,1,2,4,4,1,5054.37,4,wordin2_4.png
15,69,2,2,2,2,1,1383.87,4,nonwin2_10.png
15,70,1,2,1,4,0,1563.85,4,wordin8.png
15,71,1,2,1,1,1,1159.48,4,wordin10.png
15,72,1,1,1,1,1,747.86,4,wordex8.png
15,73,2,1,4,2,0,4106.45,1,nonwin2_5.png
15,74,2,2,4,4,1,4021.2,4,nonwin2_3.png
15,75,2,2,1,4,0,850.07,4,nonwin1.png
15,76,1,1,4,2,0,5437.17,4,wordin2_9.png
15,77,2,1,2,1,0,6168.67,1,nonwex11.png
15,78,2,1,4,4,1,1189.51,4,nonwex2_9.png
15,79,2,2,2,1,0,1867.57,4,nonwin4.png
15,80,2,1,4,4,1,2346.62,4,nonwex2_8.png
16,1,2,1,1,2,0,4798.65,2,nonwin2_7.png
16,2,1,2,4,4,1,3859.79,3,wordex7.png
16,3,2,1,1,1,1,3994.05,1,nonwex2_3.png
16,4,1,1,4,1,0,1508.01,4,wordex2_4.png
16,5,2,2,4,4,1,2033.54,4,nonwex2.png
16,6,2,2,2,3,0,6222.37,2,nonwin7.png
16,7,1,1,2,3,0,8052.58,3,wordin2_7.png
16,8,1,1,1,1,1,2604.78,2,wordin10.png
16,9,2,2,3,2,0,2581.26,1,nonwin1.png
16,10,2,2,4,4,1,6877.33,2,nonwex2_2.png
16,11,2,1,3,3,1,1685.54,4,nonwin3.png
16,12,1,2,4,4,1,739.07,4,wordex2_8.png
16,13,2,2,3,2,0,2790.83,2,nonwex12.png
16,14,1,2,2,2,1,1216.65,4,wordex2.png
16,15,1,2,1,2,0,2381.31,3,wordex6.png
16,16,2,1,4,3,0,2724.26,2,nonwin8.png
16,17,1,2,1,1,1,2522.36,3,wordin2_3.png
16,18,1,2,4,4,1,3667.43,3,wordin2_9.png
16,19,2,2,1,3,0,2205.91,4,nonwin4.png
16,20,2,1,3,3,1,1062.92,4,nonwin6.png
16,21,2,1,4,2,0,2486.82,1,nonwex2_8.png
16,22,2,1,2,1,0,3549.94,1,nonwin2_5.png
16,23,1,1,1,1,1,3132.46,2,wordex5.png
16,24,2,2,4,4,1,792.36,4,nonwin2_2.png
16,25,2,1,4,1,0,4058.76,3,nonwex2_10.png
16,26,2,2,1,3,0,2977.97,3,nonwin2_10.png
16,27,2,1,2,2,1,999.63,3,nonwin10.png
16,28,1,2,1,1,1,1545.24,4,wordex2_1.png
16,29,1,1,3,1,0,2406.48,3,wordin11.png
16,30,2,2,4,4,1,2176.56,1,nonwin11.png
16,31,2,1,1,4,0,1002.96,1,nonwex2_9.png
16,32,2,2,3,2,0,6617.53,2,nonwex2_12.png
16,33,2,2,1,3,0,3470.68,2,nonwex11.png
16,34,2,1,1,1,1,1374.01,4,nonwin2_1.png
16,35,2,2,4,4,1,1193.97,4,nonwex2_4.png
16,36,2,2,2,2,1,2782.74,2,nonwin2_12.png
16,37,1,2,2,2,1,2270.26,3,wordin2_8.png
16,38,1,2,1,1,1,800.94,4,wordex2_2.png
16,39,2,2,2,2,1,1699.58,3,nonwin2_9.png
16,40,1,2,3,3,1,1981.62,3,wordex10.png
16,41,2,1,4,4,1,1542,4,nonwin2_3.png
16,42,1,2,3,3,1,2740.71,2,wordin2.png
16,43,1,1,1,1,1,729.5,1,wordin1.png
16,44,2,1,3,3,1,2269.97,4,nonwex2_6.png
16,45,2,1,3,3,1,3614.36,4,nonwex2_7.png
16,46,2,2,2,2,1,899.13,4,nonwex3.png
16,47,1,2,2,2,1,840.87,4,wordin9.png
16,48,2,1,1,3,0,4923.58,1,nonwin12.png
16,49,1,1,1,1,1,1542.4,3,wordin2_10.png
16,50,1,2,3,3,1,2872.31,2,wordex2_9.png
16,51,1,1,4,2,0,2618.38,2,wordex9.png
16,52,1,1,4,4,1,1109.94,4,wordin4.png
16,53,2,2,1,2,0,4492.13,1,nonwin2_8.png
16,54,1,1,3,3,1,1571.11,2,wordin5.png
16,55,2,1,2,2,1,1670.6,3,nonwex10.png
16,56,1,1,3,4,0,2445.65,3,wordex4.png
16,57,1,2,2,2,1,8150.51,3,wordex3.png
16,58,1,1,2,3,0,2957.6,2,wordex8.png
16,59,2,2,3,4,0,3176.15,1,nonwex8.png
16,60,2,1,2,2,1,3473.9,3,nonwex7.png
16,61,2,1,3,3,1,1374.81,3,nonwin2_6.png
16,62,1,2,1,1,1,845.93,4,wordex11.png
16,63,1,2,2,2,1,2229.08,3,wordin7.png
16,64,1,1,2,1,0,1590.06,1,wordex2_11.png
16,65,1,2,4,3,0,3003.15,3,wordin2_1.png
16,66,1,1,2,4,0,1488.57,2,wordin2_5.png
16,67,2,2,2,2,1,1148.72,4,nonwex9.png
16,68,1,1,4,1,0,1316.94,3,wordin2_4.png
16,69,1,1,3,1,0,861.4,3,wordin2_6.png
16,70,1,2,3,3,1,2177.49,1,wordex2_6.png
16,71,2,1,4,2,0,1309.81,2,nonwex2_1.png
16,72,1,1,4,4,1,1228.15,2,wordex12.png
16,73,1,2,3,2,0,2817.31,2,wordex2_10.png
16,74,2,2,3,3,1,4689.85,2,nonwin5.png
16,75,1,1,3,1,0,3321.48,3,wordin12.png
16,76,2,1,2,2,1,5262.09,3,nonwex1.png
16,77,1,2,4,4,1,1076.96,4,wordex2_5.png
16,78,2,2,1,3,0,2370.77,3,nonwex2_11.png
16,79,1,1,2,1,0,2138.7,3,wordin2_2.png
16,80,1,1,1,1,1,1524.65,3,wordex2_7.png
17,1,2,1,3,3,1,1487.63,4,nonwin9.png
17,2,1,2,1,4,0,3667.99,1,wordex1.png
17,3,1,2,3,3,1,886.02,3,wordex3.png
17,4,2,2,4,3,0,2097.39,1,nonwex2_7.png
17,5,1,1,3,3,1,3088.62,4,wordex4.png
17,6,2,1,3,1,0,3271.32,1,nonwex2_11.png
17,7,1,1,4,2,0,2310.8,1,wordex5.png
17,8,2,1,3,2,0,3621.74,2,nonwin3.png
17,9,2,2,3,3,1,2679.21,3,nonwin2_7.png
17,10,1,1,2,2,1,2202.84,2,wordin1.png
17,11,1,1,3,3,1,1905,4,wordin2_1.png
17,12,1,1,1,2,0,4259.16,1,wordex2_5.png
17,13,2,1,1,2,0,879.23,1,nonwex8.png
17,14,1,2,3,2,0,9143.54,2,wordex8.png
17,15,1,1,2,2,1,1168.15,2,wordin2_7.png
17,16,2,2,3,3,1,2818.42,4,nonwin10.png
17,17,2,2,1,1,1,2526.81,3,nonwex2_2.png
17,18,2,2,2,1,0,1095.99,1,nonwin2_4.png
17,19,2,2,4,4,1,1516.45,4,nonwex3.png
17,20,1,2,4,4,1,3918.64,3,wordin2_4.png
17,21,2,1,2,2,1,2390.95,2,nonwex2_9.png
17,22,2,1,1,2,0,1628.46,1,nonwin5.png
17,23,2,1,2,2,1,1318.69,1,nonwex4.png
17,24,2,1,1,1,1,1565.5,3,nonwex2_6.png
17,25,1,2,4,4,1,5888.93,2,wordin11.png
17,26,1,2,3,3,1,2909.71,2,wordin10.png
17,27,2,2,2,2,1,1551.96,3,nonwex2.png
17,28,1,1,1,1,1,2053.3,4,wordin2_8.png
17,29,2,1,4,3,0,1271.05,3,nonwex9.png
17,30,2,2,4,1,0,3652.68,1,nonwex2_1.png
17,31,2,2,1,1,1,823.52,1,nonwin4.png
17,32,2,2,4,2,0,2651.38,1,nonwin2_2.png
17,33,1,2,4,4,1,2662.33,4,wordex2_3.png
17,34,1,1,2,4,0,2155.12,1,wordin4.png
17,35,1,2,4,4,1,5423.8,3,wordex9.png
17,36,1,2,1,1,1,2011.31,4,wordin2_9.png
17,37,2,2,3,3,1,2295.81,2,nonwin2_9.png
17,38,1,2,2,3,0,1586.9,1,wordin3.png
17,39,2,1,1,1,1,4223.28,3,nonwex10.png
17,40,1,1,3,3,1,3710.72,2,wordin8.png
17,41,1,1,1,1,1,1558.04,4,wordex12.png
17,42,1,1,4,4,1,3434.36,3,wordex2_4.png
17,43,2,2,1,4,0,1329.43,1,nonwin2_5.png
17,44,1,1,4,3,0,3821.42,1,wordin2_3.png
17,45,2,1,2,4,0,2258.64,2,nonwex2_4.png
17,46,2,1,3,2,0,3580.99,1,nonwex2_3.png
17,47,1,1,3,3,1,6705.19,2,wordex2_11.png
17,48,1,1,4,4,1,2548.15,2,wordex2_7.png
17,49,2,1,4,4,1,1530.92,1,nonwin11.png
17,50,1,2,4,4,1,855.94,1,wordin6.png
17,51,1,1,4,4,1,1971.03,4,wordex2_9.png
17,52,1,1,1,1,1,1821.86,4,wordex2_12.png
17,53,1,2,3,3,1,1627.51,4,wordin2_12.png
17,54,2,1,4,2,0,1834.97,1,nonwin2_6.png
17,55,2,2,1,2,0,779.41,1,nonwex2_10.png
17,56,1,1,1,1,1,3337.32,1,wordex2_2.png
17,57,1,2,2,2,1,3427.52,4,wordin2.png
17,58,2,2,2,4,0,3616.82,2,nonwin1.png
17,59,2,1,2,4,0,1017.58,1,nonwin2_10.png
17,60,1,2,1,4,0,1107.59,1,wordin9.png
17,61,1,2,2,2,1,1299.47,4,wordex11.png
17,62,2,1,4,2,0,1363.63,1,nonwex2_8.png
17,63,1,2,2,2,1,1325.14,4,wordex2_1.png
17,64,2,1,2,3,0,1375.06,1,nonwex2_12.png
17,65,2,2,2,3,0,773.09,1,nonwin2_1.png
17,66,1,1,2,1,0,9179,2,wordin5.png
17,67,1,2,2,2,1,4538.93,2,wordin12.png
17,68,2,2,4,2,0,1019.51,1,nonwex1.png
17,69,1,2,1,1,1,1440.28,4,wordex2_8.png
17,70,2,1,3,3,1,1413.31,4,nonwex6.png
17,71,1,1,2,4,0,3367.93,2,wordin2_6.png
17,72,2,2,3,3,1,2342.45,1,nonwin2_8.png
17,73,2,1,4,2,0,3172.76,1,nonwex12.png
17,74,2,1,1,1,1,4875.9,3,nonwin7.png
17,75,2,2,2,2,1,4028.59,3,nonwin8.png
17,76,1,1,3,3,1,2981.88,1,wordin2_11.png
17,77,2,2,1,1,1,3399.78,2,nonwin2.png
17,78,2,2,3,3,1,6076.72,2,nonwex7.png
17,79,1,2,3,3,1,1826.1,3,wordex2_6.png
17,80,1,2,1,1,1,1274.16,3,wordin7.png
18,1,2,2,1,1,1,7335.16,4,nonwin6.png
18,2,2,2,2,2,1,1127.54,4,nonwex12.png
18,3,1,2,4,4,1,2478.11,4,wordex2_7.png
18,4,2,1,1,2,0,3740.42,2,nonwex2_4.png
18,5,1,2,4,4,1,17247.5,3,wordin1.png
18,6,2,2,3,2,0,2891.31,1,nonwin2_5.png
18,7,2,2,4,3,0,8165.53,2,nonwin2_8.png
18,8,1,2,1,1,1,3521.03,2,wordex3.png
18,9,2,1,2,2,1,1445.41,4,nonwin2_1.png
18,10,1,1,4,2,0,1656.97,4,wordex12.png
18,11,1,2,1,4,0,1299.56,4,wordex2_4.png
18,12,2,1,3,3,1,4121.63,3,nonwex2_1.png
18,13,2,2,3,3,1,1636.43,4,nonwin9.png
18,14,2,1,3,1,0,5253.21,1,nonwex2_9.png
18,15,2,2,4,2,0,5975.04,2,nonwex10.png
18,16,1,1,4,1,0,13385.29,2,wordin2_10.png
18,17,2,1,4,4,1,4202.3,3,nonwex7.png
18,18,1,2,2,2,1,4505.76,4,wordex10.png
18,19,2,1,1,4,0,7658.74,1,nonwex2_8.png
18,20,1,1,4,1,0,9742.14,2,wordex2_8.png
18,21,2,2,2,3,0,3930.08,1,nonwin11.png
18,22,2,2,1,3,0,8610.48,1,nonwin2_3.png
18,23,2,1,3,2,0,11379.8,2,nonwin7.png
18,24,2,2,3,4,0,2765.29,3,nonwex2_12.png
18,25,2,1,2,2,1,4180.7,4,nonwex9.png
18,26,1,1,3,3,1,3527.78,3,wordex7.png
18,27,2,1,4,3,0,9309.57,1,nonwex1.png
18,28,1,2,1,1,1,1430.03,1,wordin2_7.png
18,29,1,2,1,3,0,22936.24,1,wordex8.png
18,30,2,1,2,2,1,1592.9,3,nonwex2_3.png
18,31,2,2,2,4,0,5161.9,3,nonwin2.png
18,32,1,1,1,1,1,1372.72,4,wordex6.png
18,33,2,1,4,4,1,1071.93,4,nonwex6.png
18,34,1,1,2,3,0,3435.67,2,wordex11.png
18,35,1,1,2,2,1,5153.26,4,wordin10.png
18,36,1,2,2,2,1,1173.4,4,wordin2_12.png
18,37,1,2,4,4,1,1065.39,4,wordin2.png
18,38,2,2,4,2,0,3107.36,2,nonwin12.png
18,39,1,1,2,1,0,17233.65,2,wordex2_12.png
18,40,2,1,1,1,1,1880.1,3,nonwin2_6.png
18,41,2,2,1,3,0,5355.63,1,nonwex2_2.png
18,42,1,1,3,1,0,17592.41,1,wordin9.png
18,43,1,1,3,1,0,6177.1,1,wordex1.png
18,44,1,2,2,2,1,2234.68,3,wordex2_5.png
18,45,1,2,3,3,1,2177.07,4,wordin2_11.png
18,46,2,1,4,4,1,1258.93,4,nonwin2_2.png
18,47,1,2,2,1,0,4058.75,1,wordex9.png
18,48,1,2,3,3,1,2285.42,3,wordin11.png
18,49,2,1,1,1,1,1916,4,nonwex2_7.png
18,50,2,2,3,4,0,1553.05,4,nonwin8.png
18,51,1,1,2,2,1,11803.92,2,wordex2_3.png
18,52,1,2,3,3,1,1959.59,1,wordin12.png
18,53,1,1,1,1,1,1177.47,4,wordex2.png
18,54,2,2,4,2,0,4779.06,1,nonwin5.png
18,55,1,2,2,3,0,8329.09,3,wordex2_9.png
18,56,2,1,2,2,1,1990.29,4,nonwex2_11.png
18,57,2,2,2,4,0,3242.84,1,nonwex2_10.png
18,58,1,1,1,3,0,3959.3,3,wordin5.png
18,59,2,1,3,4,0,2027.83,4,nonwex4.png
18,60,1,1,1,1,1,1556.05,4,wordin8.png
18,61,2,2,3,2,0,4425.29,1,nonwex11.png
18,62,2,1,2,3,0,4660.25,1,nonwin4.png
18,63,1,2,1,2,0,4749.4,3,wordin3.png
18,64,1,1,1,1,1,1778.99,4,wordin4.png
18,65,1,2,3,3,1,1489.73,4,wordex2_11.png
18,66,1,1,3,2,0,3459.02,3,wordex2_2.png
18,67,2,2,2,4,0,2237.45,2,nonwex5.png
18,68,2,2,1,1,1,5837.98,1,nonwin2_7.png
18,69,2,1,1,4,0,1732.06,3,nonwin2_12.png
18,70,1,1,3,3,1,12281.26,3,wordin2_4.png
18,71,2,1,3,4,0,1803.91,4,nonwex3.png
18,72,1,2,4,2,0,5960.87,3,wordex2_1.png
18,73,1,2,4,1,0,3698.05,1,wordin2_6.png
18,74,1,2,3,1,0,5263.54,3,wordex2_6.png
18,75,1,1,4,4,1,3565.4,4,wordex4.png
18,76,1,1,4,4,1,2024.94,3,wordin2_2.png
18,77,2,1,4,4,1,1835.21,3,nonwin2_4.png
18,78,1,1,2,4,0,1692.65,1,wordex2_10.png
18,79,2,2,4,3,0,6124.41,1,nonwex2_6.png
18,80,2,2,1,1,1,4761.03,1,nonwex2.png
19,1,1,1,2,3,0,2207.23,2,wordin2_11.png
19,2,2,2,2,1,0,1585.6,1,nonwex2_9.png
19,3,1,1,3,3,1,927.95,4,wordin2_12.png
19,4,2,2,2,4,0,2055.79,1,nonwex2_8.png
19,5,1,1,2,3,0,1146.61,1,wordex2_8.png
19,6,2,1,3,1,0,1094.54,1,nonwex4.png
19,7,2,1,2,2,1,2660.6,1,nonwex2_3.png
19,8,1,2,2,2,1,2236.51,4,wordin8.png
19,9,2,2,3,3,1,773.8,4,nonwin8.png
19,10,1,1,1,3,0,919.78,1,wordex3.png
19,11,1,2,1,3,0,658.52,1,wordin7.png
19,12,2,2,1,1,1,560.31,1,nonwex2_5.png
19,13,2,1,2,4,0,947.82,1,nonwex2_7.png
19,14,2,1,2,2,1,1039.88,1,nonwin3.png
19,15,1,2,4,3,0,651.34,1,wordin2_6.png
19,16,1,1,4,4,1,1264.16,4,wordex4.png
19,17,1,2,2,2,1,1123.81,3,wordex10.png
19,18,1,1,3,3,1,916.55,1,wordin2_1.png
19,19,1,2,4,3,0,525.45,1,wordex2_9.png
19,20,2,2,4,3,0,445.95,1,nonwin1.png
19,21,1,1,2,1,0,658.66,1,wordin11.png
19,22,2,2,3,1,0,566.77,1,nonwin10.png
19,23,2,1,4,2,0,536.82,1,nonwin4.png
19,24,1,1,1,1,1,1714.22,3,wordex2_11.png
19,25,2,2,4,1,0,765.27,1,nonwex8.png
19,26,1,1,3,3,1,797.32,1,wordex1.png
19,27,2,2,1,2,0,550.16,1,nonwin5.png
19,28,2,1,1,3,0,463.1,1,nonwex9.png
19,29,1,2,1,1,1,1973.4,2,wordin2_2.png
19,30,1,2,3,3,1,860.67,1,wordin2_5.png
19,31,1,1,1,1,1,1408.75,3,wordin12.png
19,32,2,1,3,3,1,744.1,1,nonwex2_1.png
19,33,2,1,4,3,0,465.1,1,nonwin2_12.png
19,34,1,2,2,2,1,628.61,1,wordin2_10.png
19,35,2,2,2,1,0,419.89,1,nonwex1.png
19,36,2,2,1,1,1,509.07,1,nonwin12.png
19,37,1,1,3,3,1,860.62,2,wordin6.png
19,38,1,1,3,2,0,820.48,1,wordin2_8.png
19,39,2,1,1,1,1,1001.64,1,nonwin2_11.png
19,40,2,1,4,1,0,446.81,1,nonwex2.png
19,41,1,2,3,2,0,505.25,1,wordex5.png
19,42,2,1,1,3,0,401.61,1,nonwex2_4.png
19,43,2,2,1,2,0,446.87,1,nonwin9.png
19,44,1,2,4,2,0,682.77,1,wordin2_4.png
19,45,2,2,4,2,0,444.83,1,nonwin2_2.png
19,46,1,1,4,1,0,666.12,1,wordex2_4.png
19,47,2,2,3,3,1,444.8,1,nonwin6.png
19,48,2,2,4,2,0,1358.6,1,nonwex5.png
19,49,1,1,2,2,1,612.02,1,wordin4.png
19,50,1,1,4,1,0,559.5,1,wordex6.png
19,51,1,2,4,3,0,597.05,1,wordex2_3.png
19,52,2,1,1,1,1,984.6,2,nonwex2_11.png
19,53,1,1,1,2,0,762.49,1,wordex2_12.png
19,54,2,2,2,3,0,675.53,1,nonwex6.png
19,55,1,1,4,2,0,660.84,1,wordex2.png
19,56,2,2,2,1,0,364.19,1,nonwin2_10.png
19,57,2,1,3,2,0,376.73,1,nonwin2.png
19,58,1,2,3,3,1,261.27,1,wordin5.png
19,59,1,2,2,1,0,360.13,1,wordin2_3.png
19,60,2,2,1,2,0,482.6,1,nonwex3.png
19,61,2,1,4,1,0,621.02,1,nonwin2_4.png
19,62,1,2,3,2,0,1170.66,2,wordex2_5.png
19,63,1,1,4,3,0,1538.11,3,wordex2_7.png
19,64,1,1,2,2,1,1323.19,2,wordex2_10.png
19,65,2,1,4,3,0,748.71,1,nonwin7.png
19,66,2,1,2,1,0,420.75,1,nonwin2_1.png
19,67,2,2,4,2,0,259.42,1,nonwin2_8.png
19,68,1,2,1,1,1,895.61,4,wordin1.png
19,69,1,1,1,1,1,615.83,4,wordex9.png
19,70,1,2,1,1,1,1663.37,4,wordin9.png
19,71,2,2,3,2,0,500.69,1,nonwin2_6.png
19,72,1,2,1,1,1,821.05,4,wordex11.png
19,73,2,1,1,4,0,825.5,1,nonwex2_12.png
19,74,1,2,4,4,1,2340.85,4,wordex8.png
19,75,2,1,3,3,1,722.66,1,nonwex10.png
19,76,1,2,2,2,1,663.8,1,wordex2_1.png
19,77,2,1,2,1,0,371.9,1,nonwin11.png
19,78,2,2,3,2,0,353.87,1,nonwin2_7.png
19,79,2,1,3,3,1,691.33,1,nonwex2_2.png
19,80,1,2,3,4,0,758.12,3,wordex12.png
20,1,2,1,2,3,0,4888.9,3,nonwex2_10.png
20,2,2,2,1,2,0,4339.44,2,nonwex2_2.png
20,3,2,1,2,4,0,1950.05,4,nonwex10.png
20,4,2,1,2,2,1,8118.22,1,nonwex5.png
20,5,2,2,1,1,1,4948.49,1,nonwin7.png
20,6,2,1,2,4,0,1862.91,1,nonwin12.png
20,7,2,2,3,3,1,4074.04,3,nonwex2_3.png
20,8,1,2,4,3,0,4109.74,1,wordin8.png
20,9,1,1,4,3,0,4828.78,3,wordex2_1.png
20,10,1,1,2,2,1,2392.3,4,wordin9.png
20,11,1,2,1,1,1,2669.08,4,wordex2_3.png
20,12,2,2,1,2,0,4081.85,1,nonwin4.png
20,13,1,2,3,2,0,1460.24,1,wordin2_7.png
20,14,2,1,1,1,1,1719.73,3,nonwin2_7.png
20,15,2,1,3,4,0,4192.77,2,nonwex3.png
20,16,1,1,1,2,0,2767.09,4,wordin3.png
20,17,2,2,2,3,0,4230.57,1,nonwin2_5.png
20,18,1,2,2,2,1,1030.3,4,wordex2_2.png
20,19,1,1,2,2,1,822.34,4,wordex3.png
20,20,1,1,1,3,0,2763.15,4,wordin7.png
20,21,1,2,2,1,0,2009.27,1,wordex6.png
20,22,2,2,3,4,0,2652.08,1,nonwex2_8.png
20,23,2,1,3,3,1,2161.5,4,nonwin2.png
20,24,1,2,1,1,1,4805.62,4,wordex2_11.png
20,25,1,1,2,2,1,1487.17,4,wordin11.png
20,26,1,2,1,1,1,1706.82,4,wordin2_12.png
20,27,2,1,4,4,1,2222.66,2,nonwin8.png
20,28,2,2,1,4,0,4915.77,2,nonwin11.png
20,29,2,2,2,4,0,1403.5,1,nonwex9.png
20,30,2,2,4,3,0,4424.52,2,nonwex12.png
20,31,2,1,4,1,0,5734.14,2,nonwex2_5.png
20,32,1,1,1,1,1,1606.67,4,wordin12.png
20,33,2,2,1,3,0,2612.07,2,nonwin3.png
20,34,1,2,2,1,0,1641.89,4,wordin5.png
20,35,1,2,1,1,1,1785.49,2,wordex2_9.png
20,36,1,2,2,3,0,2980.02,4,wordex2_12.png
20,37,2,1,1,4,0,1868.16,2,nonwin2_10.png
20,38,2,2,2,1,0,5437.12,3,nonwin2_8.png
20,39,1,2,2,4,0,2358.97,1,wordin2_6.png
20,40,1,1,2,1,0,2370.3,4,wordin1.png
20,41,1,2,1,1,1,951.88,4,wordex8.png
20,42,2,2,3,3,1,3057.19,2,nonwex4.png
20,43,2,1,4,2,0,3803.29,4,nonwex11.png
20,44,2,1,1,4,0,2215.84,3,nonwex2_1.png
20,45,2,1,1,4,0,3104.24,4,nonwex7.png
20,46,1,1,3,3,1,1860.59,1,wordex2_5.png
20,47,2,1,4,3,0,1137.51,1,nonwin10.png
20,48,2,2,3,3,1,2694.89,4,nonwin2_3.png
20,49,2,2,4,1,0,2322.64,1,nonwin2_4.png
20,50,1,1,1,1,1,2504.07,4,wordex2_8.png
20,51,2,2,4,3,0,3938.44,4,nonwex1.png
20,52,1,2,4,4,1,2788.18,1,wordin2_10.png
20,53,2,2,4,2,0,4172.54,2,nonwin2_11.png
20,54,2,1,2,4,0,2217.46,1,nonwin6.png
20,55,1,1,3,3,1,2024.65,1,wordin2_11.png
20,56,1,1,4,2,0,2111.92,4,wordin2_4.png
20,57,1,1,3,3,1,2638.1,4,wordex4.png
20,58,1,1,3,2,0,2818.26,4,wordex2_4.png
20,59,1,2,4,4,1,2683.15,1,wordex10.png
20,60,2,1,3,4,0,1168.19,1,nonwex2_11.png
20,61,1,1,4,3,0,2263.07,3,wordex9.png
20,62,2,1,3,2,0,3057.68,2,nonwex2_4.png
20,63,2,2,3,4,0,1646.55,1,nonwin2_9.png
20,64,1,2,3,3,1,3888.09,4,wordin2_1.png
20,65,2,1,1,2,0,4194.17,4,nonwex6.png
20,66,1,1,2,4,0,1620.82,1,wordex2.png
20,67,1,2,3,3,1,1424.51,4,wordex11.png
20,68,1,2,4,2,0,8100.14,3,wordex2_6.png
20,69,2,2,2,4,0,1183.26,1,nonwin1.png
20,70,1,1,3,1,0,2821.75,4,wordin6.png
20,71,1,1,1,1,1,3393.45,4,wordex5.png
20,72,1,2,3,3,1,1749.99,4,wordin2_5.png
20,73,1,1,4,2,0,5319.44,1,wordin2.png
20,74,2,1,4,3,0,8750.32,1,nonwex2_9.png
20,75,1,2,4,3,0,1316.22,1,wordin2_8.png
20,76,2,2,2,4,0,915.66,1,nonwex2.png
20,77,1,1,4,2,0,6713.22,1,wordex12.png
20,78,2,1,3,4,0,1564.77,3,nonwex8.png
20,79,2,2,4,4,1,2190.58,2,nonwin2_2.png
20,80,1,2,3,3,1,1565.2,4,wordin10.png
21,1,2,1,4,2,0,11807.34,1,nonwex5.png
21,2,2,2,4,4,1,4095.48,2,nonwex6.png
21,3,2,1,1,3,0,3146.12,2,nonwin9.png
21,4,1,2,4,1,0,4053.57,2,wordex4.png
21,5,1,2,3,3,1,3975.73,2,wordin10.png
21,6,1,2,1,1,1,5166.46,1,wordin2_5.png
21,7,2,1,2,4,0,2807.52,2,nonwex4.png
21,8,1,1,3,2,0,2704.19,2,wordin7.png
21,9,2,2,4,4,1,2653.13,4,nonwin6.png
21,10,2,1,3,3,1,3340.91,2,nonwin2_2.png
21,11,2,1,4,1,0,3149.96,1,nonwin3.png
21,12,1,1,1,3,0,2326.4,1,wordex2_4.png
21,13,2,2,4,2,0,1831.38,1,nonwex1.png
21,14,2,2,2,2,1,2703.42,1,nonwin2_5.png
21,15,2,1,3,3,1,3057.92,1,nonwin2_6.png
21,16,1,2,1,3,0,4438.05,1,wordin4.png
21,17,1,2,3,1,0,2646.28,1,wordin2_4.png
21,18,1,1,4,1,0,2185.9,1,wordin1.png
21,19,1,1,1,1,1,3883.3,1,wordin8.png
21,20,2,1,3,4,0,2092.58,1,nonwex2_6.png
21,21,2,1,3,4,0,2074.69,1,nonwin7.png
21,22,2,2,3,2,0,3241.57,1,nonwin11.png
21,23,1,1,1,3,0,1751.52,1,wordin11.png
21,24,1,2,4,3,0,3152.59,1,wordex2.png
21,25,1,1,2,1,0,3170.68,1,wordex12.png
21,26,1,1,3,3,1,1818.11,1,wordex2_6.png
21,27,1,2,4,2,0,2452.14,1,wordex10.png
21,28,2,2,3,3,1,2818.52,1,nonwex10.png
21,29,2,1,1,3,0,1677.46,1,nonwex2_3.png
21,30,1,2,2,1,0,1803.93,1,wordin2_9.png
21,31,1,2,1,4,0,1430,2,wordin2_8.png
21,32,2,1,3,4,0,1730.16,2,nonwex2.png
21,33,2,1,4,2,0,1709.73,1,nonwin2_8.png
21,34,2,1,2,2,1,1120.8,1,nonwex2_2.png
21,35,2,2,2,3,0,4859.07,1,nonwin4.png
21,36,2,1,4,3,0,1519.04,1,nonwin2_4.png
21,37,1,1,2,1,0,4264.53,1,wordin2_11.png
21,38,1,2,4,1,0,2959.48,1,wordin2_12.png
21,39,2,1,1,2,0,1554.06,1,nonwin2_9.png
21,40,1,1,3,3,1,1952.38,1,wordex3.png
21,41,2,2,2,3,0,1271.05,1,nonwex11.png
21,42,1,1,2,3,0,1311.94,1,wordin2_10.png
21,43,2,1,1,4,0,1375.24,1,nonwex3.png
21,44,1,2,2,2,1,1800.74,1,wordex2_7.png
21,45,2,1,4,4,1,1943.38,1,nonwex2_10.png
21,46,1,2,3,3,1,2809.02,1,wordex2_9.png
21,47,2,1,2,3,0,1149.39,1,nonwex2_8.png
21,48,1,1,4,3,0,1211.2,1,wordex2_10.png
21,49,2,2,1,1,1,1661.35,3,nonwex2_7.png
21,50,2,2,1,3,0,1213.4,1,nonwin2_10.png
21,51,1,2,3,4,0,3053.15,1,wordex5.png
21,52,2,2,3,3,1,1742.4,1,nonwin5.png
21,53,1,2,3,3,1,1177.9,1,wordin6.png
21,54,1,1,1,2,0,883.22,1,wordin2_2.png
21,55,1,2,2,3,0,1478.82,1,wordin5.png
21,56,2,2,1,1,1,4060.13,1,nonwex12.png
21,57,2,2,2,1,0,1249.96,1,nonwin2_1.png
21,58,1,1,3,1,0,1662.68,1,wordin2_1.png
21,59,1,1,4,3,0,6197.96,1,wordin12.png
21,60,2,1,1,3,0,1147.44,1,nonwin2.png
21,61,2,2,1,2,0,1494.82,1,nonwex9.png
21,62,1,1,3,1,0,1347.41,1,wordex2_8.png
21,63,2,2,4,3,0,2180.22,1,nonwin2_12.png
21,64,2,1,2,3,0,1139.87,1,nonwin2_11.png
21,65,1,2,1,2,0,2529.6,1,wordex2_11.png
21,66,1,2,1,2,0,1282.88,1,wordex6.png
21,67,2,1,2,2,1,1717.16,2,nonwex2_4.png
21,68,1,1,2,3,0,3399.31,1,wordex8.png
21,69,2,2,2,3,0,1413.3,1,nonwin12.png
21,70,1,2,2,3,0,2751.53,1,wordin9.png
21,71,1,1,1,3,0,1695.99,1,wordex1.png
21,72,2,2,3,3,1,1785.1,1,nonwin2_7.png
21,73,2,2,1,4,0,949.38,1,nonwin1.png
21,74,1,2,2,4,0,2181.49,1,wordex11.png
21,75,1,1,4,1,0,1092.76,1,wordex7.png
21,76,2,2,3,2,0,1706.87,1,nonwin8.png
21,77,1,1,2,1,0,1220.02,1,wordex9.png
21,78,1,1,4,3,0,2507.87,1,wordin3.png
21,79,2,2,4,2,0,1663.93,1,nonwex8.png
21,80,1,2,4,3,0,1609.1,1,wordex2_12.png
22,1,1,1,1,4,0,16607.72,2,wordin2_8.png
22,2,1,1,2,2,1,4681.47,2,wordin2_11.png
22,3,1,1,4,4,1,3720.01,4,wordin11.png
22,4,1,1,1,1,1,6081.74,4,wordex2_12.png
22,5,2,1,4,2,0,3162.21,3,nonwex11.png
22,6,2,1,4,2,0,1169.58,3,nonwin2_9.png
22,7,1,1,4,3,0,15960.68,1,wordin8.png
22,8,1,2,4,2,0,3075.26,2,wordex2_7.png
22,9,1,2,3,3,1,3463.05,1,wordin2_7.png
22,10,1,1,3,4,0,11350.01,2,wordin1.png
22,11,2,2,3,3,1,4043.02,1,nonwex8.png
22,12,2,1,2,2,1,1419.83,3,nonwex10.png
22,13,2,2,3,2,0,9758.16,2,nonwin3.png
22,14,2,2,2,4,0,7450.71,1,nonwin8.png
22,15,2,1,2,2,1,6296.88,3,nonwex2_12.png
22,16,2,1,4,3,0,16953.94,1,nonwex2_10.png
22,17,1,1,3,2,0,1785.03,1,wordin2_1.png
22,18,2,2,1,1,1,1616.44,4,nonwin2_12.png
22,19,1,2,3,4,0,2668.76,3,wordin7.png
22,20,2,2,1,1,1,1703.68,4,nonwin2_3.png
22,21,2,1,3,3,1,7920.58,2,nonwex5.png
22,22,2,2,4,1,0,3963.13,3,nonwex2_7.png
22,23,2,2,3,2,0,1971.87,3,nonwin2_11.png
22,24,1,2,1,1,1,1327.71,4,wordex12.png
22,25,2,1,1,1,1,10466.57,3,nonwin7.png
22,26,1,1,2,3,0,6982.97,3,wordex2_3.png
22,27,2,2,1,2,0,3478.91,2,nonwin2_7.png
22,28,1,2,1,1,1,2172.23,4,wordin2_9.png
22,29,2,2,4,2,0,7248.69,2,nonwex2_4.png
22,30,1,2,1,1,1,1505.93,4,wordex1.png
22,31,1,1,3,3,1,10780.62,2,wordex11.png
22,32,2,2,3,3,1,1413.38,4,nonwex2_1.png
22,33,1,1,4,4,1,4472.68,4,wordin2_6.png
22,34,2,2,3,3,1,2293.23,4,nonwin2.png
22,35,2,2,2,2,1,1613.74,2,nonwex2_6.png
22,36,1,2,4,4,1,1275.24,4,wordex3.png
22,37,1,2,4,4,1,1432.94,4,wordex2_1.png
22,38,2,1,2,3,0,5260.82,1,nonwin5.png
22,39,1,2,4,4,1,3356.13,4,wordin4.png
22,40,2,2,2,2,1,2047.63,2,nonwex1.png
22,41,2,1,2,1,0,2469.62,4,nonwin2_8.png
22,42,1,2,2,4,0,2604.85,2,wordex2_5.png
22,43,1,2,3,3,1,21852.78,2,wordex7.png
22,44,1,1,2,2,1,1460.59,4,wordin10.png
22,45,1,2,3,3,1,1108.59,4,wordex2_2.png
22,46,2,2,4,4,1,7321.45,2,nonwin6.png
22,47,1,2,2,3,0,10216.95,3,wordex2_10.png
22,48,1,1,3,3,1,6733.14,4,wordin5.png
22,49,1,2,2,2,1,1258.44,4,wordin6.png
22,50,1,1,3,1,0,2673.1,1,wordex2_11.png
22,51,1,1,2,4,0,2403.19,4,wordex6.png
22,52,1,2,4,4,1,5062.34,3,wordin2_3.png
22,53,2,1,1,2,0,1624.46,3,nonwex2_2.png
22,54,1,2,2,1,0,6131,1,wordex5.png
22,55,2,1,1,2,0,5299.27,2,nonwex2_5.png
22,56,2,1,3,3,1,13602.12,1,nonwin10.png
22,57,2,2,2,3,0,2542.02,3,nonwin9.png
22,58,1,2,1,1,1,6965.38,2,wordex10.png
22,59,2,1,3,2,0,6063.08,1,nonwin2_1.png
22,60,1,2,3,4,0,5301.61,3,wordin2.png
22,61,2,2,1,1,1,1206.33,4,nonwex3.png
22,62,2,1,2,2,1,861.5,4,nonwex2_11.png
22,63,1,1,4,3,0,5707.3,4,wordin2_10.png
22,64,1,1,1,1,1,2230.68,2,wordin2_2.png
22,65,2,2,1,1,1,8635.7,3,nonwin2_2.png
22,66,2,1,3,2,0,1155.17,2,nonwex2_9.png
22,67,2,2,2,1,0,4274.57,3,nonwin2_6.png
22,68,1,2,2,4,0,6404.94,4,wordin12.png
22,69,2,1,4,1,0,6155.32,2,nonwin2_10.png
22,70,1,1,1,1,1,1124.05,4,wordin9.png
22,71,2,1,1,1,1,2129.94,3,nonwin4.png
22,72,1,1,4,3,0,2189.44,1,wordin3.png
22,73,2,1,1,3,0,5532.34,3,nonwex4.png
22,74,2,1,3,4,0,2412.66,2,nonwex2_8.png
22,75,2,1,4,4,1,3847.74,4,nonwin2_5.png
22,76,1,1,2,2,1,1057.8,4,wordin2_12.png
22,77,1,2,1,1,1,3759.25,1,wordex2_6.png
22,78,2,2,4,1,0,3127.03,4,nonwex7.png
22,79,1,1,1,1,1,1207.78,4,wordin2_4.png
22,80,2,2,4,2,0,6138.52,3,nonwin2_4.png
23,1,1,1,3,1,0,3943.18,3,wordex2_7.png
23,2,2,2,2,4,0,4339.47,2,nonwin2_10.png
23,3,2,2,2,4,0,3031.28,3,nonwex12.png
23,4,1,2,1,1,1,3236.11,3,wordex7.png
23,5,1,2,4,2,0,3937.3,3,wordin1.png
23,6,1,1,2,1,0,3522.49,3,wordin2_2.png
23,7,2,1,4,4,1,1810.79,3,nonwex9.png
23,8,1,2,1,1,1,5900.66,4,wordex6.png
23,9,2,1,3,4,0,1729.82,2,nonwin2_12.png
23,10,2,2,1,4,0,1512.61,2,nonwex2.png
23,11,1,2,1,3,0,2717.55,3,wordin10.png
23,12,2,2,3,4,0,1806.08,1,nonwex3.png
23,13,1,2,2,2,1,4201.29,3,wordex2_1.png
23,14,2,1,1,4,0,4139.82,2,nonwex2_1.png
23,15,2,2,4,1,0,1524.7,2,nonwex2_9.png
23,16,2,2,4,2,0,1921.32,4,nonwin2_11.png
23,17,2,2,2,2,1,2667.65,3,nonwin2_9.png
23,18,1,1,3,4,0,3109.89,3,wordin2.png
23,19,1,2,3,1,0,2166.1,3,wordex8.png
23,20,2,2,2,3,0,2959,3,nonwin8.png
23,21,1,2,4,2,0,4823.09,2,wordex11.png
23,22,2,1,3,4,0,1912.18,3,nonwex7.png
23,23,1,1,4,1,0,2061.18,3,wordin2_11.png
23,24,2,2,3,3,1,1760.96,1,nonwin5.png
23,25,1,1,2,2,1,3051.84,2,wordin3.png
23,26,2,1,4,4,1,2347.11,3,nonwex6.png
23,27,2,2,4,1,0,1845.53,2,nonwin9.png
23,28,1,2,2,2,1,2645.53,3,wordex2_2.png
23,29,2,2,3,4,0,5037.75,1,nonwex2_4.png
23,30,1,1,3,4,0,7270.05,3,wordin2_7.png
23,31,2,2,3,1,0,1861.39,2,nonwin2_7.png
23,32,1,1,1,2,0,3006.42,3,wordin12.png
23,33,1,1,1,1,1,4473.56,3,wordex9.png
23,34,2,2,1,3,0,3618.7,1,nonwex2_7.png
23,35,1,2,2,1,0,3534.44,3,wordin2_5.png
23,36,2,2,1,1,1,2712.6,3,nonwin6.png
23,37,2,1,4,4,1,2072.78,2,nonwex2_3.png
23,38,2,2,4,3,0,3139.27,2,nonwin7.png
23,39,2,1,1,2,0,2336.04,2,nonwex2_8.png
23,40,1,1,2,1,0,2724.79,3,wordin2_3.png
23,41,1,1,4,3,0,2787.52,3,wordex2_5.png
23,42,1,1,2,2,1,5112.46,2,wordex2_3.png
23,43,1,1,1,4,0,2510.92,3,wordex10.png
23,44,1,1,2,3,0,6302.46,2,wordex2_9.png
23,45,1,2,3,4,0,4699.42,3,wordex2_11.png
23,46,2,2,1,3,0,1724.06,4,nonwex10.png
23,47,1,1,4,3,0,5295.17,2,wordex2_8.png
23,48,2,1,2,4,0,2428.61,2,nonwin3.png
23,49,2,1,4,4,1,1777.11,2,nonwex2_10.png
23,50,1,1,3,2,0,3261.32,3,wordin2_10.png
23,51,2,1,4,4,1,2518.76,2,nonwex1.png
23,52,2,1,2,3,0,1457.36,2,nonwin2_8.png
23,53,1,1,1,1,1,2264.73,3,wordex4.png
23,54,1,2,1,2,0,3581.47,3,wordin9.png
23,55,1,2,2,1,0,3725.96,3,wordex1.png
23,56,1,1,4,4,1,1884.36,4,wordin7.png
23,57,2,2,4,4,1,1494.79,4,nonwex2_12.png
23,58,2,1,2,4,0,1437.06,4,nonwex2_11.png
23,59,2,2,1,3,0,2033.08,1,nonwin2_6.png
23,60,1,1,3,2,0,2918.95,2,wordin2_8.png
23,61,1,2,4,4,1,2180.38,4,wordin2_1.png
23,62,2,1,3,4,0,3811.26,4,nonwin2_2.png
23,63,1,2,1,3,0,2766,2,wordin5.png
23,64,2,2,2,2,1,4356.14,2,nonwin1.png
23,65,2,1,1,3,0,2094.33,2,nonwex11.png
23,66,1,2,4,1,0,1514.98,3,wordex2_6.png
23,67,1,2,3,4,0,2302.55,2,wordin2_6.png
23,68,2,1,3,4,0,1991.45,3,nonwin2_5.png
23,69,1,2,4,2,0,1980.78,3,wordex3.png
23,70,2,1,2,3,0,1974.87,2,nonwex8.png
23,71,2,1,2,4,0,5934.9,2,nonwin12.png
23,72,1,2,3,1,0,3020.82,3,wordex5.png
23,73,1,2,2,3,0,2095.63,4,wordin2_4.png
23,74,2,1,1,4,0,1565.02,3,nonwex2_5.png
23,75,1,1,1,2,0,3121.87,3,wordin6.png
23,76,2,1,3,3,1,1461.68,2,nonwin4.png
23,77,2,1,1,3,0,3474.57,3,nonwex4.png
23,78,2,2,3,1,0,2545.52,1,nonwin10.png
23,79,1,2,3,3,1,4902.29,4,wordin4.png
23,80,1,1,4,4,1,5167.14,4,wordin11.png
24,1,1,1,3,3,1,3020.93,4,wordex10.png
24,2,1,1,4,2,0,3200.24,2,wordex2_11.png
24,3,1,2,2,3,0,5991.64,3,wordin2_1.png
24,4,1,1,4,4,1,1425.93,3,wordex12.png
24,5,2,1,4,1,0,3351.66,3,nonwin2_10.png
24,6,1,1,2,3,0,3602.87,4,wordin8.png
24,7,1,1,2,1,0,1341.95,2,wordex8.png
24,8,2,1,2,4,0,6838.85,3,nonwex2_10.png
24,9,2,1,3,3,1,5035.51,3,nonwin2_7.png
24,10,1,1,1,2,0,2050.16,4,wordex5.png
24,11,1,2,3,4,0,3305.12,4,wordin10.png
24,12,2,1,3,1,0,1749.45,2,nonwex2_6.png
24,13,2,1,4,3,0,2447.58,3,nonwex2_3.png
24,14,1,2,4,4,1,9262.79,1,wordin2_9.png
24,15,2,1,4,2,0,7701.62,2,nonwex1.png
24,16,2,2,3,3,1,8364.69,1,nonwex2_1.png
24,17,1,2,1,4,0,4300.05,1,wordex3.png
24,18,1,1,4,2,0,2790.61,3,wordin2_10.png
24,19,1,1,3,4,0,6302.59,2,wordex9.png
24,20,2,2,2,2,1,10215.98,2,nonwex2_9.png
24,21,2,1,2,1,0,5342.87,2,nonwex5.png
24,22,2,2,3,4,0,2467.34,4,nonwin2_12.png
24,23,1,2,1,3,0,7144.31,2,wordex6.png
24,24,1,1,1,2,0,5936.08,2,wordin2_11.png
24,25,2,2,4,4,1,5493.19,1,nonwin3.png
24,26,1,2,2,2,1,1804.16,4,wordex2_6.png
24,27,2,1,1,1,1,6114.18,3,nonwin2_3.png
24,28,2,2,3,3,1,2605.46,1,nonwex2_12.png
24,29,1,2,3,3,1,1853.05,4,wordin5.png
24,30,2,1,4,4,1,2583.89,4,nonwin2_5.png
24,31,1,2,3,3,1,1918.03,4,wordin3.png
24,32,2,2,3,3,1,4680.17,4,nonwin6.png
24,33,1,2,1,1,1,1432.74,4,wordin2_7.png
24,34,2,2,4,2,0,5871.09,1,nonwex12.png
24,35,2,2,2,4,0,2149.56,3,nonwex2_11.png
24,36,1,1,2,1,0,4530.15,2,wordin9.png
24,37,2,2,1,1,1,3972.06,1,nonwin1.png
24,38,1,1,1,1,1,5027.7,3,wordin2_5.png
24,39,1,1,4,3,0,4327.56,1,wordex2_9.png
24,40,1,1,3,4,0,3830.36,3,wordin2.png
24,41,2,2,4,2,0,1140.21,2,nonwex8.png
24,42,2,1,3,1,0,1948.64,4,nonwin2_9.png
24,43,2,1,3,2,0,2795.52,1,nonwex10.png
24,44,1,2,1,2,0,15775.46,1,wordin2_2.png
24,45,2,1,1,3,0,3089.41,1,nonwex11.png
24,46,2,1,1,1,1,1300.64,4,nonwex7.png
24,47,1,2,3,3,1,1876.49,4,wordex2_2.png
24,48,1,1,1,2,0,2950.69,3,wordin2_3.png
24,49,2,2,2,4,0,7535.52,3,nonwex2_5.png
24,50,1,1,1,2,0,2426.1,1,wordex2_7.png
24,51,1,2,3,3,1,1576.91,4,wordex2_1.png
24,52,1,1,2,2,1,4851.53,3,wordin12.png
24,53,1,1,3,3,1,2057.76,4,wordin4.png
24,54,1,2,4,2,0,2357.53,1,wordex2_3.png
24,55,1,2,1,1,1,4568.84,1,wordin1.png
24,56,2,2,1,2,0,8751.61,1,nonwin11.png
24,57,2,1,2,4,0,7356.11,1,nonwex3.png
24,58,1,2,2,3,0,7626.92,2,wordin2_6.png
24,59,2,2,1,2,0,2208.59,1,nonwin2_4.png
24,60,2,2,2,4,0,5466.62,2,nonwin5.png
24,61,2,2,4,4,1,4564.67,2,nonwin2_6.png
24,62,2,2,2,4,0,5297.27,3,nonwex4.png
24,63,2,2,4,2,0,4853.05,1,nonwex9.png
24,64,2,1,2,3,0,5934.52,3,nonwin2_1.png
24,65,2,2,3,2,0,5323.58,4,nonwin2_2.png
24,66,1,1,3,1,0,5431.28,1,wordex2_10.png
24,67,2,1,1,4,0,4814.86,3,nonwex6.png
24,68,1,1,4,2,0,4204.78,1,wordex11.png
24,69,1,1,2,2,1,5756.31,2,wordex1.png
24,70,2,1,1,3,0,5685.21,1,nonwex2.png
24,71,2,1,3,3,1,8364.98,1,nonwex2_2.png
24,72,2,2,1,1,1,3502.48,4,nonwin10.png
24,73,1,2,4,4,1,2641.31,4,wordin6.png
24,74,2,1,4,3,0,7998.06,2,nonwin2.png
24,75,1,2,2,1,0,4785.59,1,wordin7.png
24,76,1,2,2,2,1,2345.41,2,wordin2_4.png
24,77,2,2,1,4,0,3953.67,1,nonwin8.png
24,78,1,2,4,4,1,3117.9,4,wordex4.png
24,79,2,1,2,2,1,3796.94,1,nonwex2_7.png
24,80,1,2,4,4,1,1302.36,3,wordex2.png
25,1,2,1,1,3,0,2534.76,1,nonwin7.png
25,2,2,2,4,4,1,2517.98,4,nonwin2_6.png
25,3,2,2,3,2,0,2064.88,2,nonwex10.png
25,4,1,2,1,1,1,2137.81,1,wordex2_10.png
25,5,1,1,4,2,0,1244.77,3,wordin1.png
25,6,1,2,1,4,0,1872.14,3,wordin8.png
25,7,2,1,3,4,0,1450.03,3,nonwin4.png
25,8,2,1,4,3,0,1754.42,2,nonwex2_1.png
25,9,1,1,4,1,0,1210.7,1,wordex2_4.png
25,10,2,1,3,2,0,2335.23,2,nonwex7.png
25,11,1,1,2,3,0,1859.24,3,wordin2_9.png
25,12,2,2,2,2,1,2229.34,1,nonwex12.png
25,13,1,2,2,2,1,1358.6,2,wordin2_7.png
25,14,2,2,2,2,1,1840.13,1,nonwex2_12.png
25,15,1,2,2,3,0,1383.36,3,wordex4.png
25,16,2,1,2,4,0,2261.61,4,nonwex2_11.png
25,17,2,1,1,3,0,2363.88,2,nonwin2_4.png
25,18,1,1,4,3,0,1907.32,2,wordin2_6.png
25,19,1,1,3,1,0,1183.37,2,wordex12.png
25,20,2,2,1,4,0,2102.41,2,nonwex2_7.png
25,21,2,2,1,2,0,2178.73,1,nonwin6.png
25,22,1,1,1,1,1,1184.56,2,wordex2_8.png
25,23,1,2,2,1,0,1774.56,4,wordin2_1.png
25,24,1,1,3,1,0,1413.84,2,wordin7.png
25,25,2,1,2,2,1,2144.4,3,nonwex2_8.png
25,26,2,1,3,2,0,1106,3,nonwex2.png
25,27,2,1,4,4,1,1612.53,4,nonwin10.png
25,28,2,2,3,3,1,1648.38,1,nonwin2_5.png
25,29,1,2,4,2,0,1233.77,2,wordex8.png
25,30,1,2,4,2,0,1188.68,3,wordex2_9.png
25,31,2,2,3,1,0,1702.29,1,nonwex2_2.png
25,32,1,1,4,2,0,1180.2,2,wordex5.png
25,33,2,1,1,4,0,1580.35,4,nonwex2_4.png
25,34,2,1,4,2,0,1059.66,2,nonwin2_2.png
25,35,2,1,1,2,0,1385.43,2,nonwex3.png
25,36,1,2,3,1,0,1303.54,3,wordex2_2.png
25,37,2,1,2,1,0,1893.46,3,nonwex9.png
25,38,1,2,3,2,0,3168.23,4,wordex2.png
25,39,1,2,2,2,1,1175.6,2,wordin3.png
25,40,2,2,2,3,0,1551.02,1,nonwex6.png
25,41,2,2,4,3,0,1326.36,1,nonwin11.png
25,42,1,1,2,1,0,1334.42,3,wordin5.png
25,43,1,2,1,1,1,1096.65,3,wordin2_3.png
25,44,1,2,3,1,0,1313.4,2,wordin2_11.png
25,45,1,1,1,2,0,1136.83,3,wordex6.png
25,46,2,2,2,1,0,1693.89,1,nonwin8.png
25,47,2,1,1,1,1,3624.71,1,nonwin2_11.png
25,48,1,2,4,2,0,1614.61,3,wordex9.png
25,49,2,2,2,3,0,1341.93,1,nonwex1.png
25,50,2,2,1,4,0,1245.7,3,nonwin3.png
25,51,2,2,4,2,0,1268.04,3,nonwex4.png
25,52,1,2,4,1,0,1646.87,4,wordex2_12.png
25,53,2,2,3,1,0,1204.91,4,nonwin2.png
25,54,2,2,1,2,0,1445.66,2,nonwex2_9.png
25,55,1,1,1,4,0,1450.69,4,wordin6.png
25,56,1,2,1,2,0,1198.86,2,wordin2_10.png
25,57,2,1,3,2,0,1154.8,1,nonwin2_12.png
25,58,1,1,1,1,1,2282.53,4,wordex3.png
25,59,1,2,3,2,0,1099.78,4,wordex2_1.png
25,60,2,1,3,2,0,1225.4,2,nonwin2_10.png
25,61,1,2,1,2,0,1319.69,2,wordin2.png
25,62,2,1,4,4,1,939.94,4,nonwex5.png
25,63,1,1,3,3,1,1357.16,4,wordin2_12.png
25,64,2,2,4,2,0,1281.08,1,nonwin9.png
25,65,2,2,1,1,1,1140.94,2,nonwin2_8.png
25,66,1,1,3,1,0,1277.8,2,wordex11.png
25,67,1,1,3,1,0,1261.89,3,wordex1.png
25,68,2,1,2,1,0,1483.55,3,nonwin2_9.png
25,69,2,1,2,4,0,1058.51,3,nonwex8.png
25,70,2,2,4,1,0,1515.21,3,nonwin12.png
25,71,1,2,4,4,1,809.11,2,wordex2_3.png
25,72,1,2,3,2,0,1446.87,2,wordin12.png
25,73,1,1,2,2,1,1070.65,3,wordex10.png
25,74,1,1,2,1,0,943.84,3,wordin2_2.png
25,75,1,1,1,1,1,1374.69,3,wordex2_11.png
25,76,2,2,3,2,0,1382.09,1,nonwex11.png
25,77,2,1,4,4,1,1075.66,2,nonwin2_3.png
25,78,1,2,2,2,1,1364.83,3,wordin2_5.png
25,79,1,1,4,1,0,1170.91,3,wordin11.png
25,80,1,1,2,2,1,1013.77,2,wordex2_5.png
26,1,1,2,2,3,0,3805.5,1,wordex2_8.png
26,2,2,1,1,2,0,2104.09,2,nonwex11.png
26,3,1,2,4,3,0,5051.53,1,wordex2_5.png
26,4,2,2,2,2,1,1331.7,2,nonwex2.png
26,5,1,1,1,2,0,2126.21,3,wordex2_2.png
26,6,2,1,1,2,0,1892.41,3,nonwex2_7.png
26,7,1,2,1,3,0,2101.11,2,wordin2_4.png
26,8,1,2,2,1,0,1050.26,3,wordin2.png
26,9,1,1,4,3,0,2495.9,2,wordin11.png
26,10,1,2,2,3,0,1182.18,2,wordin7.png
26,11,2,2,1,1,1,2604.99,3,nonwin5.png
26,12,2,1,4,4,1,3593.78,4,nonwin6.png
26,13,2,2,4,2,0,1147.03,2,nonwin2_10.png
26,14,2,1,4,2,0,840.31,2,nonwex1.png
26,15,1,2,4,2,0,2945.44,2,wordin2_5.png
26,16,1,2,4,3,0,1677.67,2,wordin4.png
26,17,2,2,4,1,0,1718.91,2,nonwin8.png
26,18,1,1,1,4,0,1125.55,3,wordex5.png
26,19,1,2,3,3,1,2970.59,3,wordin2_11.png
26,20,2,2,3,2,0,909.74,2,nonwex2_9.png
26,21,2,1,2,2,1,4451.98,3,nonwin1.png
26,22,2,2,2,3,0,2014.61,3,nonwex4.png
26,23,1,1,1,1,1,1000.35,4,wordex2_1.png
26,24,1,1,4,4,1,2318.7,4,wordex9.png
26,25,2,2,1,1,1,1109.04,4,nonwex3.png
26,26,1,2,1,1,1,1445.63,4,wordex2_11.png
26,27,2,1,3,2,0,1676.34,3,nonwex2_8.png
26,28,1,1,3,3,1,1955.42,3,wordin2_6.png
26,29,2,2,2,1,0,997.55,3,nonwin7.png
26,30,2,1,1,2,0,1032.21,2,nonwex2_5.png
26,31,2,1,2,2,1,1176.17,2,nonwex2_4.png
26,32,2,1,3,1,0,939.19,3,nonwex9.png
26,33,1,2,4,4,1,1302.14,4,wordin9.png
26,34,2,2,3,2,0,2443.48,3,nonwex5.png
26,35,1,2,2,1,0,27448.93,2,wordex10.png
26,36,2,2,4,3,0,2849.19,1,nonwin3.png
26,37,2,1,3,2,0,975.74,1,nonwex6.png
26,38,2,2,3,3,1,1453.49,2,nonwin2_1.png
26,39,1,2,3,1,0,1573.27,3,wordex8.png
26,40,1,1,2,4,0,1487.44,3,wordin5.png
26,41,1,2,1,2,0,1028.38,2,wordin2_8.png
26,42,2,1,4,2,0,1141.87,2,nonwin4.png
26,43,2,1,2,2,1,936.91,4,nonwex2_1.png
26,44,1,1,2,4,0,1191,4,wordin2_2.png
26,45,1,1,3,1,0,1973.82,4,wordex2_12.png
26,46,1,1,4,3,0,1190.57,4,wordex2_9.png
26,47,1,1,3,4,0,3258.67,4,wordin2_3.png
26,48,2,2,1,3,0,19423.57,3,nonwin12.png
26,49,2,2,3,1,0,2076.48,3,nonwex2_2.png
26,50,2,1,2,2,1,2005.07,2,nonwex7.png
26,51,2,2,2,2,1,1758.34,3,nonwin2_8.png
26,52,1,1,4,3,0,1391.09,3,wordex2_4.png
26,53,2,1,1,4,0,2211.42,3,nonwin2_3.png
26,54,1,2,4,4,1,833.28,4,wordex1.png
26,55,1,1,1,2,0,843.77,4,wordin2_9.png
26,56,2,1,3,4,0,1748.06,4,nonwin2_2.png
26,57,2,2,4,4,1,1023.3,4,nonwin9.png
26,58,2,2,2,2,1,2093.73,2,nonwex12.png
26,59,2,2,3,2,0,2847.25,3,nonwin2_6.png
26,60,2,2,1,3,0,1223.77,3,nonwex8.png
26,61,1,1,3,4,0,26924.48,4,wordin6.png
26,62,2,1,4,2,0,984.65,2,nonwex2_12.png
26,63,1,2,3,3,1,1013.62,3,wordin2_12.png
26,64,1,1,4,1,0,1734.23,4,wordex11.png
26,65,2,1,2,2,1,1097.09,4,nonwex10.png
26,66,1,2,1,3,0,1025.35,4,wordin2_1.png
26,67,2,1,4,4,1,1304.43,4,nonwin10.png
26,68,1,2,2,2,1,1131.56,4,wordex3.png
26,69,2,2,4,4,1,1079.18,4,nonwex2_11.png
26,70,1,2,3,3,1,19973.78,3,wordex12.png
26,71,1,1,1,3,0,1829.89,3,wordex6.png
26,72,2,1,3,3,1,1145.4,4,nonwin2.png
26,73,2,2,1,3,0,2384.2,4,nonwin2_12.png
26,74,1,2,3,1,0,1771.28,4,wordin2_10.png
26,75,2,1,1,2,0,1214.13,4,nonwin2_9.png
26,76,1,1,2,3,0,1848.77,2,wordex2_3.png
26,77,1,1,3,1,0,6704.16,3,wordin1.png
26,78,1,2,1,2,0,1650.83,3,wordex2_7.png
26,79,1,1,2,3,0,1342.65,3,wordin8.png
26,80,1,1,2,4,0,1527.17,3,wordin10.png
27,1,2,2,3,2,0,6178.53,1,nonwex10.png
27,2,2,1,2,4,0,4531.66,1,nonwin3.png
27,3,2,2,4,4,1,2352.09,2,nonwex6.png
27,4,2,1,3,3,1,771.76,4,nonwin2_9.png
27,5,2,2,4,1,0,1451.59,1,nonwex2_3.png
27,6,2,1,2,1,0,1716.4,2,nonwin11.png
27,7,2,1,1,2,0,1593.96,1,nonwin2_7.png
27,8,2,2,2,2,1,1683.03,1,nonwex3.png
27,9,1,2,1,1,1,758.96,4,wordin2_9.png
27,10,1,2,4,2,0,3843.76,4,wordex2_1.png
27,11,2,1,1,2,0,1871.53,1,nonwex5.png
27,12,1,1,2,2,1,1663.93,1,wordin2_10.png
27,13,2,1,2,1,0,2271.32,2,nonwin9.png
27,14,2,2,4,2,0,1037.86,3,nonwin2.png
27,15,1,1,2,1,0,1551.15,1,wordex4.png
27,16,2,1,3,2,0,1715.46,1,nonwex12.png
27,17,1,2,4,2,0,1679.03,1,wordin2_12.png
27,18,2,1,1,1,1,2107.65,4,nonwex2_7.png
27,19,1,2,1,1,1,1146.63,3,wordex2_6.png
27,20,1,2,2,2,1,1197.49,3,wordin1.png
27,21,1,2,2,1,0,1081.4,1,wordin2_8.png
27,22,1,2,4,4,1,1101.84,3,wordin3.png
27,23,1,2,4,4,1,2061.32,1,wordex2_10.png
27,24,1,2,3,2,0,988.24,1,wordex9.png
27,25,1,2,2,2,1,1641.01,1,wordex10.png
27,26,1,1,2,1,0,5442.85,1,wordex11.png
27,27,1,2,2,2,1,1827.21,3,wordex2.png
27,28,2,1,1,1,1,1564.72,2,nonwin10.png
27,29,2,2,3,2,0,4387.68,1,nonwin2_10.png
27,30,1,1,1,1,1,1100.26,2,wordin2_7.png
27,31,1,1,4,1,0,1585.29,1,wordex3.png
27,32,1,1,3,2,0,1088.01,2,wordex2_12.png
27,33,2,2,2,1,0,1071.08,1,nonwin2_6.png
27,34,1,2,1,2,0,1657.81,1,wordex8.png
27,35,2,2,1,1,1,1957.01,1,nonwin5.png
27,36,1,2,2,2,1,1682.97,1,wordin2_3.png
27,37,1,1,3,3,1,9834.44,2,wordex2_3.png
27,38,2,2,2,1,0,1243.18,1,nonwin1.png
27,39,1,1,3,2,0,1418,1,wordin2_5.png
27,40,2,2,1,1,1,1065.81,1,nonwex2_8.png
27,41,1,2,1,1,1,937.33,1,wordin4.png
27,42,2,2,1,2,0,4474.6,1,nonwex2_10.png
27,43,2,1,4,1,0,1364.31,1,nonwin2_3.png
27,44,2,1,3,1,0,5143.63,2,nonwex1.png
27,45,1,2,4,2,0,1736.95,3,wordex5.png
27,46,2,1,2,2,1,1571.78,3,nonwin2_12.png
27,47,1,1,1,3,0,2298.89,1,wordin2_2.png
27,48,2,2,1,1,1,5249.42,4,nonwin2_8.png
27,49,2,1,4,1,0,1053.51,3,nonwin6.png
27,50,1,1,4,2,0,8314.91,2,wordex6.png
27,51,2,2,2,1,0,3190.75,1,nonwex9.png
27,52,1,1,4,2,0,2206.14,3,wordex2_8.png
27,53,2,1,2,1,0,859.73,1,nonwin12.png
27,54,1,2,3,2,0,877.7,2,wordex2_4.png
27,55,1,1,3,1,0,855.04,1,wordex7.png
27,56,1,1,1,4,0,1550.6,1,wordin12.png
27,57,1,1,4,2,0,1032.16,2,wordex2_5.png
27,58,2,1,4,1,0,990.98,1,nonwex2_6.png
27,59,1,1,2,2,1,3322.38,2,wordin7.png
27,60,2,1,3,1,0,1170.4,1,nonwin2_1.png
27,61,1,1,2,2,1,2248.28,1,wordin5.png
27,62,2,2,1,1,1,712.64,1,nonwex4.png
27,63,2,2,3,1,0,749.06,1,nonwin2_2.png
27,64,1,1,1,2,0,1781.75,1,wordin2_1.png
27,65,2,1,4,1,0,866.39,1,nonwex2_9.png
27,66,1,2,3,2,0,986.65,1,wordin11.png
27,67,2,2,2,1,0,1034.27,1,nonwex2.png
27,68,1,1,4,2,0,1122.91,1,wordex2_2.png
27,69,2,2,4,1,0,1453.12,1,nonwin2_11.png
27,70,2,1,1,3,0,1012.94,1,nonwex2_2.png
27,71,2,1,3,3,1,1821.56,1,nonwex7.png
27,72,1,2,3,1,0,1542.01,1,wordin2_11.png
27,73,2,2,4,1,0,846.15,1,nonwex2_5.png
27,74,1,2,1,2,0,983.77,2,wordex2_7.png
27,75,2,2,3,1,0,1406.28,1,nonwin4.png
27,76,2,1,4,1,0,689.59,1,nonwex11.png
27,77,2,2,3,4,0,1499.65,1,nonwin2_4.png
27,78,1,1,3,1,0,1073.3,1,wordin10.png
27,79,1,1,1,2,0,1481.99,3,wordin8.png
27,80,1,2,3,1,0,1401,2,wordex12.png
28,1,1,1,2,2,1,6653.82,2,wordin10.png
28,2,2,2,2,1,0,6452.35,2,nonwex2_7.png
28,3,1,2,4,4,1,2635.04,4,wordex7.png
28,4,1,2,1,2,0,4597.42,1,wordex2_4.png
28,5,1,1,3,3,1,2294.67,4,wordex2_8.png
28,6,1,1,1,1,1,3839.22,2,wordin9.png
28,7,1,2,3,3,1,2178.23,4,wordin2_5.png
28,8,1,2,3,3,1,4445.69,2,wordin5.png
28,9,2,2,1,1,1,9456.75,3,nonwin2.png
28,10,2,1,3,3,1,1735.81,4,nonwex2_6.png
28,11,1,2,1,1,1,1866.4,4,wordex2_9.png
28,12,2,2,2,2,1,3322.7,1,nonwex7.png
28,13,1,2,2,2,1,2463.82,4,wordex4.png
28,14,1,2,3,3,1,2063.38,4,wordex2_12.png
28,15,2,2,1,1,1,5695.81,2,nonwex11.png
28,16,2,2,1,1,1,2398.51,4,nonwin2_2.png
28,17,2,2,4,4,1,5389.02,1,nonwex2_5.png
28,18,2,2,1,2,0,2597.08,1,nonwin2_12.png
28,19,2,2,3,3,1,2942.02,3,nonwin2_11.png
28,20,1,2,3,3,1,2667.5,4,wordin2_11.png
28,21,1,2,4,2,0,14024.22,3,wordex8.png
28,22,2,1,2,2,1,3494.37,1,nonwex5.png
28,23,1,1,3,3,1,3862.48,4,wordin2_3.png
28,24,1,2,4,4,1,1748.51,4,wordin2_1.png
28,25,1,1,4,4,1,3890.92,4,wordex6.png
28,26,2,2,3,3,1,5702.93,4,nonwin4.png
28,27,1,2,1,1,1,4269.18,4,wordin2_2.png
28,28,1,1,3,3,1,1871.91,4,wordex3.png
28,29,1,2,2,4,0,4882,1,wordin2_8.png
28,30,2,2,3,3,1,2494.62,3,nonwex2_11.png
28,31,2,2,3,3,1,1153.07,4,nonwin10.png
28,32,2,1,1,1,1,2526.16,4,nonwin2_5.png
28,33,1,1,2,2,1,4594.65,4,wordex2_5.png
28,34,2,2,4,4,1,1962.12,4,nonwin2_4.png
28,35,2,1,3,3,1,2579.52,2,nonwex2_9.png
28,36,2,1,4,2,0,3043.08,1,nonwin8.png
28,37,2,1,1,1,1,3215.29,4,nonwin2_8.png
28,38,2,1,4,4,1,2616.77,1,nonwex4.png
28,39,2,2,1,1,1,2788.86,4,nonwin3.png
28,40,1,1,3,3,1,4501.48,4,wordin7.png
28,41,1,1,3,3,1,1390.03,4,wordin8.png
28,42,2,1,3,2,0,4303.25,1,nonwex2.png
28,43,2,1,1,2,0,2866.65,1,nonwin9.png
28,44,2,2,4,4,1,2510.39,1,nonwin2_7.png
28,45,2,2,4,2,0,5089.43,1,nonwex10.png
28,46,2,1,2,2,1,1388.68,4,nonwex3.png
28,47,2,2,2,3,0,2937.48,1,nonwex2_1.png
28,48,2,1,3,3,1,1593.74,3,nonwex2_2.png
28,49,1,1,1,1,1,1601.9,4,wordex2_11.png
28,50,1,1,4,2,0,1500.81,4,wordex2_3.png
28,51,1,2,2,1,0,3228.64,4,wordex5.png
28,52,2,1,2,2,1,4046.79,2,nonwin2_6.png
28,53,1,1,2,3,0,4098.32,3,wordin2_10.png
28,54,2,2,2,4,0,2448.17,1,nonwin5.png
28,55,1,1,1,1,1,2474.49,4,wordin2_6.png
28,56,1,2,2,2,1,2588.96,3,wordex11.png
28,57,1,1,1,1,1,3806.22,4,wordex2_6.png
28,58,1,1,2,1,0,4385.62,4,wordex2.png
28,59,1,2,4,2,0,3639.82,2,wordex10.png
28,60,2,1,4,4,1,2055.83,1,nonwex9.png
28,61,1,2,1,1,1,3878.79,4,wordex2_10.png
28,62,1,2,3,3,1,1835.66,4,wordex1.png
28,63,2,1,4,2,0,2003.46,1,nonwex8.png
28,64,2,1,2,2,1,1933.54,1,nonwin7.png
28,65,1,1,4,4,1,3715.21,4,wordin2_9.png
28,66,2,2,2,2,1,2502.73,3,nonwex6.png
28,67,1,1,4,2,0,4927.71,2,wordin2_4.png
28,68,2,1,1,3,0,2892.72,2,nonwex2_8.png
28,69,1,2,2,2,1,2540.52,4,wordin3.png
28,70,1,1,4,2,0,1080.3,4,wordin2.png
28,71,1,1,1,1,1,1720.94,4,wordex2_1.png
28,72,1,1,2,2,1,1793.01,4,wordin4.png
28,73,1,2,4,4,1,3659.59,4,wordex2_7.png
28,74,2,1,2,2,1,1871.82,3,nonwex12.png
28,75,2,2,4,4,1,1452.13,4,nonwex2_12.png
28,76,2,1,1,1,1,2280.75,4,nonwin2_1.png
28,77,2,2,3,3,1,3065.14,4,nonwin2_3.png
28,78,2,1,3,3,1,3103.23,1,nonwex2_3.png
28,79,1,2,1,1,1,1857.31,4,wordin1.png
28,80,2,1,4,4,1,1844.62,1,nonwex1.png
29,1,2,2,2,2,1,4343.41,2,nonwex2_10.png
29,2,2,2,1,4,0,3562.05,1,nonwex2_2.png
29,3,2,1,2,4,0,2012.43,1,nonwex6.png
29,4,2,1,3,4,0,3797.33,1,nonwin3.png
29,5,2,1,1,2,0,4403.99,2,nonwex12.png
29,6,1,2,1,1,1,940.73,4,wordin10.png
29,7,1,2,3,3,1,870.97,4,wordin12.png
29,8,2,2,1,2,0,3199.16,3,nonwex2_1.png
29,9,2,1,2,2,1,1245.49,3,nonwex1.png
29,10,2,2,4,1,0,1101.96,2,nonwex11.png
29,11,2,2,3,4,0,979.35,2,nonwin7.png
29,12,1,2,1,1,1,8588.29,2,wordex6.png
29,13,1,1,2,1,0,3280.2,4,wordex10.png
29,14,1,1,2,2,1,3230.78,2,wordex4.png
29,15,1,1,1,1,1,1287.62,4,wordin7.png
29,16,2,1,2,1,0,1787.94,4,nonwex2_4.png
29,17,2,2,2,3,0,2888.56,2,nonwex2_3.png
29,18,2,2,2,4,0,2195.24,2,nonwin2_11.png
29,19,2,1,2,4,0,908.27,2,nonwex9.png
29,20,2,1,4,3,0,1234.66,2,nonwin2_1.png
29,21,1,1,3,1,0,1508.98,2,wordex3.png
29,22,2,2,3,3,1,1971.41,2,nonwex3.png
29,23,2,1,4,3,0,1025.75,2,nonwin2_8.png
29,24,1,1,4,1,0,4596.85,3,wordex11.png
29,25,1,1,3,2,0,2788.55,3,wordex2_9.png
29,26,1,1,4,3,0,963.36,3,wordin2_2.png
29,27,1,1,1,4,0,2057.56,3,wordex5.png
29,28,1,2,3,3,1,814.12,4,wordex2_8.png
29,29,1,2,4,1,0,3251.7,4,wordex2_4.png
29,30,2,1,1,2,0,1564.82,2,nonwin11.png
29,31,1,2,2,2,1,4010.4,2,wordin5.png
29,32,1,2,4,4,1,1025.35,3,wordin2_12.png
29,33,1,2,1,1,1,2581.45,4,wordin2_4.png
29,34,1,1,3,1,0,2734,3,wordex7.png
29,35,1,1,4,1,0,1855.24,4,wordin9.png
29,36,2,1,3,3,1,1950.33,3,nonwex8.png
29,37,1,2,4,4,1,1937.91,4,wordex1.png
29,38,2,2,4,3,0,704.73,3,nonwin12.png
29,39,1,2,1,3,0,908.24,4,wordex2_3.png
29,40,2,2,3,3,1,787.11,3,nonwex2_6.png
29,41,1,1,1,2,0,2890.31,3,wordin2_11.png
29,42,1,1,2,2,1,1704.11,3,wordin8.png
29,43,1,1,4,4,1,3611.41,3,wordex2.png
29,44,2,2,1,3,0,836.13,2,nonwin2_5.png
29,45,1,1,1,3,0,1253.91,1,wordin3.png
29,46,2,1,4,3,0,768.12,1,nonwin2_4.png
29,47,1,1,1,1,1,3519.4,4,wordex2_11.png
29,48,2,2,2,3,0,974.34,2,nonwex2_7.png
29,49,2,2,4,3,0,1038.93,2,nonwex5.png
29,50,1,1,3,3,1,3137.32,3,wordin2.png
29,51,1,2,2,4,0,1618.66,1,wordex12.png
29,52,2,1,3,1,0,2300.26,2,nonwin5.png
29,53,2,1,3,4,0,1976.64,1,nonwex2_12.png
29,54,2,2,3,4,0,965.17,1,nonwin2_7.png
29,55,2,1,1,3,0,1346.01,2,nonwex2_5.png
29,56,2,1,1,3,0,2471.43,2,nonwex2.png
29,57,2,2,4,4,1,864,2,nonwin8.png
29,58,1,1,2,2,1,2843.13,2,wordex9.png
29,59,2,2,2,2,1,1793.61,2,nonwex2_11.png
29,60,1,2,3,1,0,2973.51,2,wordin2_1.png
29,61,2,1,4,1,0,1283.57,3,nonwin1.png
29,62,2,1,2,4,0,1264.98,2,nonwex4.png
29,63,1,2,3,3,1,6019.98,1,wordin2_6.png
29,64,2,1,1,3,0,893.26,1,nonwin4.png
29,65,1,1,3,3,1,1283.06,4,wordin2_5.png
29,66,1,1,2,3,0,964.96,4,wordex2_6.png
29,67,1,2,2,1,0,1451.19,2,wordin4.png
29,68,2,1,4,4,1,1552.5,2,nonwin2_3.png
29,69,2,2,1,4,0,836.83,2,nonwex2_9.png
29,70,2,2,4,1,0,766.86,2,nonwex2_8.png
29,71,1,2,4,4,1,5945.96,3,wordex2_1.png
29,72,1,2,2,2,1,2656.33,4,wordin2_10.png
29,73,1,2,1,3,0,3364.65,3,wordin1.png
29,74,1,2,3,4,0,1969.96,3,wordin2_8.png
29,75,2,2,1,3,0,2928.31,2,nonwin6.png
29,76,1,2,4,1,0,4405.01,4,wordin11.png
29,77,1,2,2,2,1,1942.12,2,wordin2_7.png
29,78,2,2,3,3,1,1937.81,2,nonwin2_6.png
29,79,1,1,4,4,1,1365.52,1,wordex2_5.png
29,80,2,1,3,4,0,1073.55,3,nonwin2_2.png